orderId:int,completedAt:date,customerId:int,partySize:int
1,2024-03-01T11:52:51,1,5
2,2024-03-01T12:24:34,93,4
3,2024-03-01T12:42:15,38,6
4,2024-03-01T12:47:07,30,1
5,2024-03-01T12:49:47,42,2
6,2024-03-01T13:04:02,57,3
7,2024-03-01T13:17:45,25,1
8,2024-03-01T13:41:09,41,4
9,2024-03-01T18:02:16,79,4
10,2024-03-01T18:24:28,48,2
11,2024-03-01T18:49:35,47,2
12,2024-03-01T19:07:06,72,6
13,2024-03-01T21:21:06,88,1
14,2024-03-01T22:22:50,35,1
15,2024-03-01T22:49:37,83,3
16,2024-03-01T23:31:06,14,3
17,2024-03-02T11:34:12,77,4
18,2024-03-02T11:54:15,57,5
19,2024-03-02T13:01:56,71,6
20,2024-03-02T13:11:05,12,3
21,2024-03-02T13:11:08,31,6
22,2024-03-02T13:20:12,84,2
23,2024-03-02T13:26:30,54,4
24,2024-03-02T17:32:36,61,3
25,2024-03-02T18:32:36,97,5
26,2024-03-02T19:58:21,38,1
27,2024-03-02T20:23:47,85,1
28,2024-03-02T20:24:13,81,6
29,2024-03-02T20:46:16,4,5
30,2024-03-02T21:37:19,25,1
31,2024-03-02T21:51:48,70,1
32,2024-03-02T22:10:56,37,6
33,2024-03-02T23:01:47,60,2
34,2024-03-02T23:03:39,51,2
35,2024-03-02T23:17:19,59,6
36,2024-03-03T11:04:56,10,4
37,2024-03-03T11:40:45,75,6
38,2024-03-03T11:45:45,1,2
39,2024-03-03T11:48:32,14,5
40,2024-03-03T11:58:43,64,2
41,2024-03-03T12:09:26,11,5
42,2024-03-03T12:17:33,81,6
43,2024-03-03T12:28:28,32,1
44,2024-03-03T12:57:37,52,1
45,2024-03-03T13:03:31,43,4
46,2024-03-03T13:39:08,58,2
47,2024-03-03T13:53:56,39,6
48,2024-03-03T17:32:52,44,6
49,2024-03-03T18:27:26,46,2
50,2024-03-03T18:28:02,57,6
51,2024-03-03T19:47:52,4,4
52,2024-03-03T20:01:57,61,2
53,2024-03-03T20:02:29,66,3
54,2024-03-03T20:34:09,60,6
55,2024-03-03T21:06:16,40,3
56,2024-03-03T21:13:20,34,5
57,2024-03-03T21:21:32,5,5
58,2024-03-03T21:42:31,76,4
59,2024-03-03T21:50:02,28,2
60,2024-03-03T22:27:58,62,5
61,2024-03-03T22:34:50,15,2
62,2024-03-03T22:39:10,8,6
63,2024-03-03T22:49:05,86,1
64,2024-03-03T23:07:41,45,5
65,2024-03-03T23:18:48,29,2
66,2024-03-04T11:20:02,92,4
67,2024-03-04T11:29:01,30,6
68,2024-03-04T12:17:32,64,2
69,2024-03-04T12:19:00,58,1
70,2024-03-04T12:20:47,43,4
71,2024-03-04T12:30:10,46,3
72,2024-03-04T12:39:06,73,1
73,2024-03-04T12:52:00,66,4
74,2024-03-04T13:22:22,100,6
75,2024-03-04T17:10:41,8,2
76,2024-03-04T17:25:07,42,1
77,2024-03-04T19:13:03,61,5
78,2024-03-04T19:44:46,12,5
79,2024-03-04T20:07:47,36,3
80,2024-03-04T20:21:33,95,3
81,2024-03-04T21:00:26,28,4
82,2024-03-04T22:29:39,17,6
83,2024-03-04T22:47:41,27,6
84,2024-03-04T22:52:28,20,4
85,2024-03-04T23:00:02,7,5
86,2024-03-04T23:14:55,32,4
87,2024-03-04T23:36:58,56,6
88,2024-03-04T23:37:14,48,2
89,2024-03-04T23:50:26,60,1
90,2024-03-05T11:11:12,2,6
91,2024-03-05T11:12:17,100,4
92,2024-03-05T11:54:35,64,3
93,2024-03-05T12:04:14,80,4
94,2024-03-05T12:13:25,57,6
95,2024-03-05T12:14:19,55,1
96,2024-03-05T12:44:13,25,5
97,2024-03-05T12:54:07,15,6
98,2024-03-05T12:57:51,9,4
99,2024-03-05T13:08:14,81,5
100,2024-03-05T13:42:43,32,1
101,2024-03-05T13:43:32,50,5
102,2024-03-05T13:51:28,26,1
103,2024-03-05T13:56:29,18,3
104,2024-03-05T17:53:40,14,1
105,2024-03-05T19:00:43,33,6
106,2024-03-05T19:10:38,54,6
107,2024-03-05T19:48:46,65,3
108,2024-03-05T20:05:40,31,6
109,2024-03-05T20:05:44,89,3
110,2024-03-05T20:05:52,17,1
111,2024-03-05T20:44:52,22,2
112,2024-03-05T20:53:48,34,2
113,2024-03-05T20:57:23,78,6
114,2024-03-05T21:48:48,60,4
115,2024-03-05T22:29:26,38,6
116,2024-03-05T23:29:22,39,5
117,2024-03-06T11:30:39,62,6
118,2024-03-06T11:45:33,90,2
119,2024-03-06T12:27:10,54,5
120,2024-03-06T12:43:15,95,6
121,2024-03-06T12:53:04,28,4
122,2024-03-06T13:10:28,36,1
123,2024-03-06T13:27:48,53,6
124,2024-03-06T13:29:24,94,1
125,2024-03-06T13:30:11,27,1
126,2024-03-06T17:15:17,26,5
127,2024-03-06T18:01:56,4,5
128,2024-03-06T18:13:40,75,3
129,2024-03-06T18:47:51,80,4
130,2024-03-06T19:21:28,58,6
131,2024-03-06T19:47:59,97,6
132,2024-03-06T19:54:13,51,1
133,2024-03-06T20:16:07,20,2
134,2024-03-06T21:57:28,76,3
135,2024-03-06T22:18:22,88,5
136,2024-03-06T22:57:49,57,2
137,2024-03-07T11:02:58,47,6
138,2024-03-07T11:16:28,2,5
139,2024-03-07T11:16:33,99,6
140,2024-03-07T11:29:35,33,2
141,2024-03-07T11:30:42,98,5
142,2024-03-07T11:43:52,48,6
143,2024-03-07T12:02:49,79,3
144,2024-03-07T12:03:23,42,5
145,2024-03-07T12:05:48,20,4
146,2024-03-07T12:13:20,73,2
147,2024-03-07T12:16:05,91,1
148,2024-03-07T12:18:01,62,4
149,2024-03-07T12:19:21,74,2
150,2024-03-07T12:58:18,86,1
151,2024-03-07T13:03:21,6,6
152,2024-03-07T13:13:48,23,6
153,2024-03-07T13:15:03,12,5
154,2024-03-07T13:21:38,78,4
155,2024-03-07T13:47:03,4,6
156,2024-03-07T17:30:53,53,5
157,2024-03-07T17:45:40,59,6
158,2024-03-07T17:50:13,43,2
159,2024-03-07T17:53:29,27,4
160,2024-03-07T18:33:57,66,6
161,2024-03-07T19:01:28,70,5
162,2024-03-07T19:51:24,56,4
163,2024-03-07T22:42:56,29,1
164,2024-03-07T23:09:31,24,6
165,2024-03-07T23:35:39,19,2
166,2024-03-07T23:47:49,32,5
167,2024-03-08T11:02:44,91,6
168,2024-03-08T11:28:08,31,1
169,2024-03-08T11:31:24,60,2
170,2024-03-08T11:41:55,36,2
171,2024-03-08T12:25:14,82,6
172,2024-03-08T12:25:26,43,3
173,2024-03-08T13:01:29,68,6
174,2024-03-08T13:22:02,14,2
175,2024-03-08T13:57:09,51,3
176,2024-03-08T17:12:33,3,4
177,2024-03-08T17:22:01,16,4
178,2024-03-08T17:50:06,27,4
179,2024-03-08T18:27:02,70,4
180,2024-03-08T18:29:55,6,5
181,2024-03-08T19:23:23,9,1
182,2024-03-08T20:05:55,38,6
183,2024-03-08T22:42:48,15,4
184,2024-03-08T22:44:24,41,3
185,2024-03-08T22:54:47,37,4
186,2024-03-08T23:03:05,29,4
187,2024-03-09T11:07:06,55,3
188,2024-03-09T11:21:45,65,1
189,2024-03-09T11:22:02,37,4
190,2024-03-09T11:24:05,59,5
191,2024-03-09T11:46:27,75,5
192,2024-03-09T11:48:31,96,3
193,2024-03-09T12:04:54,23,2
194,2024-03-09T12:25:05,71,3
195,2024-03-09T13:03:21,86,4
196,2024-03-09T13:41:45,50,3
197,2024-03-09T13:58:56,58,2
198,2024-03-09T17:17:32,100,1
199,2024-03-09T17:19:00,34,3
200,2024-03-09T17:42:51,40,4
201,2024-03-09T18:47:49,81,5
202,2024-03-09T18:58:35,35,5
203,2024-03-09T19:16:30,8,1
204,2024-03-09T19:42:29,27,1
205,2024-03-09T19:50:08,22,3
206,2024-03-09T19:51:12,94,4
207,2024-03-09T20:10:36,31,5
208,2024-03-09T21:19:11,92,5
209,2024-03-09T21:19:47,39,4
210,2024-03-09T21:35:26,95,6
211,2024-03-09T21:47:57,51,4
212,2024-03-09T21:48:43,12,6
213,2024-03-09T21:51:29,76,4
214,2024-03-09T22:09:10,44,5
215,2024-03-09T22:09:32,28,1
216,2024-03-09T23:26:21,82,6
217,2024-03-10T11:03:54,20,5
218,2024-03-10T11:06:40,57,4
219,2024-03-10T11:12:32,72,3
220,2024-03-10T11:12:51,71,3
221,2024-03-10T11:25:21,4,2
222,2024-03-10T11:42:28,44,4
223,2024-03-10T12:38:43,47,5
224,2024-03-10T13:05:08,19,5
225,2024-03-10T13:13:40,89,3
226,2024-03-10T13:21:26,76,5
227,2024-03-10T13:24:05,41,2
228,2024-03-10T13:41:53,90,1
229,2024-03-10T13:48:53,55,6
230,2024-03-10T13:50:24,66,6
231,2024-03-10T17:26:38,79,2
232,2024-03-10T17:30:34,14,4
233,2024-03-10T17:34:03,48,1
234,2024-03-10T19:03:22,39,6
235,2024-03-10T19:09:35,24,2
236,2024-03-10T19:27:28,91,5
237,2024-03-10T19:44:40,9,3
238,2024-03-10T19:45:45,11,4
239,2024-03-10T20:56:10,16,4
240,2024-03-10T21:31:38,64,3
241,2024-03-10T22:11:55,65,5
242,2024-03-11T11:27:03,63,1
243,2024-03-11T11:46:12,62,4
244,2024-03-11T11:51:51,95,5
245,2024-03-11T11:59:12,84,3
246,2024-03-11T12:03:48,45,3
247,2024-03-11T12:24:37,31,1
248,2024-03-11T12:28:42,29,6
249,2024-03-11T12:35:28,38,5
250,2024-03-11T13:02:44,75,1
251,2024-03-11T13:03:12,26,5
252,2024-03-11T13:19:37,59,3
253,2024-03-11T13:19:38,71,3
254,2024-03-11T13:21:06,30,6
255,2024-03-11T13:22:01,73,5
256,2024-03-11T13:22:01,57,3
257,2024-03-11T13:23:22,77,3
258,2024-03-11T13:28:03,40,3
259,2024-03-11T13:39:39,14,4
260,2024-03-11T13:59:06,90,6
261,2024-03-11T18:30:42,54,3
262,2024-03-11T18:34:17,10,5
263,2024-03-11T19:39:43,100,4
264,2024-03-11T20:12:10,3,2
265,2024-03-11T23:58:34,28,5
266,2024-03-12T11:06:20,3,5
267,2024-03-12T11:57:34,70,2
268,2024-03-12T12:18:08,16,6
269,2024-03-12T12:22:11,27,4
270,2024-03-12T12:23:10,19,1
271,2024-03-12T12:37:52,93,3
272,2024-03-12T12:52:22,2,3
273,2024-03-12T13:09:41,64,1
274,2024-03-12T13:19:28,85,3
275,2024-03-12T13:21:06,34,2
276,2024-03-12T13:58:26,62,4
277,2024-03-12T17:27:50,18,3
278,2024-03-12T17:37:09,73,4
279,2024-03-12T18:57:15,59,3
280,2024-03-12T19:44:22,31,6
281,2024-03-12T20:19:54,15,3
282,2024-03-12T21:01:54,30,6
283,2024-03-12T21:13:02,11,6
284,2024-03-12T21:14:53,90,5
285,2024-03-12T21:39:07,23,5
286,2024-03-12T21:57:00,21,4
287,2024-03-12T22:10:21,7,2
288,2024-03-12T23:33:10,76,3
289,2024-03-12T23:48:35,67,2
290,2024-03-13T11:19:21,27,4
291,2024-03-13T11:31:05,48,5
292,2024-03-13T12:04:50,77,1
293,2024-03-13T12:16:54,90,6
294,2024-03-13T12:28:59,69,6
295,2024-03-13T12:33:32,43,5
296,2024-03-13T12:49:37,71,5
297,2024-03-13T12:59:15,49,2
298,2024-03-13T13:08:17,81,4
299,2024-03-13T13:30:16,10,6
300,2024-03-13T13:31:40,24,2
301,2024-03-13T18:17:48,12,4
302,2024-03-13T18:21:25,98,5
303,2024-03-13T19:18:04,28,3
304,2024-03-13T20:44:24,44,2
305,2024-03-13T20:46:24,84,3
306,2024-03-13T21:33:26,83,4
307,2024-03-13T23:22:53,16,3
308,2024-03-14T11:04:56,85,1
309,2024-03-14T11:13:30,70,5
310,2024-03-14T11:17:11,1,3
311,2024-03-14T11:20:56,84,2
312,2024-03-14T12:01:20,21,4
313,2024-03-14T12:12:50,64,2
314,2024-03-14T12:22:43,94,4
315,2024-03-14T12:42:01,73,3
316,2024-03-14T12:50:58,4,3
317,2024-03-14T13:11:19,83,1
318,2024-03-14T13:19:26,19,5
319,2024-03-14T13:25:52,100,3
320,2024-03-14T13:32:28,52,6
321,2024-03-14T18:07:37,40,4
322,2024-03-14T18:39:29,2,4
323,2024-03-14T19:36:08,39,6
324,2024-03-14T20:26:29,24,6
325,2024-03-14T21:14:17,7,2
326,2024-03-14T21:34:01,11,3
327,2024-03-14T23:10:19,65,1
328,2024-03-14T23:59:32,18,6
329,2024-03-15T11:03:17,36,1
330,2024-03-15T11:22:00,3,2
331,2024-03-15T11:26:44,35,3
332,2024-03-15T11:30:34,82,3
333,2024-03-15T11:44:09,62,3
334,2024-03-15T11:46:22,60,5
335,2024-03-15T11:49:59,4,3
336,2024-03-15T12:03:35,25,2
337,2024-03-15T12:23:43,6,3
338,2024-03-15T12:38:08,37,2
339,2024-03-15T12:55:16,97,3
340,2024-03-15T12:59:26,27,4
341,2024-03-15T13:29:19,32,5
342,2024-03-15T17:29:30,40,2
343,2024-03-15T17:29:31,78,1
344,2024-03-15T18:06:41,76,6
345,2024-03-15T21:15:42,13,6
346,2024-03-15T21:29:55,51,1
347,2024-03-15T22:27:13,11,6
348,2024-03-15T22:39:51,70,1
349,2024-03-16T11:16:46,56,5
350,2024-03-16T11:16:59,32,1
351,2024-03-16T11:20:23,97,4
352,2024-03-16T11:23:40,22,3
353,2024-03-16T11:40:32,24,2
354,2024-03-16T11:45:57,31,6
355,2024-03-16T11:52:54,87,4
356,2024-03-16T11:55:50,36,2
357,2024-03-16T12:06:29,49,3
358,2024-03-16T13:28:12,71,3
359,2024-03-16T13:41:00,43,1
360,2024-03-16T13:58:01,77,4
361,2024-03-16T17:57:19,68,4
362,2024-03-16T18:07:26,76,6
363,2024-03-16T19:13:30,4,6
364,2024-03-16T19:26:47,8,2
365,2024-03-16T21:22:50,80,3
366,2024-03-16T21:47:00,3,4
367,2024-03-16T22:07:58,51,1
368,2024-03-16T22:18:49,62,6
369,2024-03-16T22:39:09,34,2
370,2024-03-16T23:58:38,1,3
371,2024-03-17T11:07:26,76,3
372,2024-03-17T11:16:12,36,6
373,2024-03-17T11:18:43,53,4
374,2024-03-17T11:24:25,70,4
375,2024-03-17T11:45:22,62,3
376,2024-03-17T11:46:42,10,6
377,2024-03-17T11:46:44,49,2
378,2024-03-17T12:35:31,43,2
379,2024-03-17T12:53:49,57,5
380,2024-03-17T12:58:41,32,4
381,2024-03-17T13:07:44,100,6
382,2024-03-17T13:23:01,17,6
383,2024-03-17T13:31:59,84,2
384,2024-03-17T13:32:00,51,3
385,2024-03-17T13:33:25,54,3
386,2024-03-17T13:41:20,98,6
387,2024-03-17T13:46:36,99,3
388,2024-03-17T17:43:00,81,6
389,2024-03-17T19:07:07,2,5
390,2024-03-17T19:32:31,4,2
391,2024-03-17T21:45:35,82,6
392,2024-03-17T22:35:46,34,3
393,2024-03-17T22:58:28,89,3
394,2024-03-17T23:12:44,39,1
395,2024-03-18T11:28:52,92,5
396,2024-03-18T11:31:31,48,1
397,2024-03-18T11:40:31,30,4
398,2024-03-18T12:28:04,52,2
399,2024-03-18T12:31:15,53,1
400,2024-03-18T12:52:40,59,3
401,2024-03-18T12:54:00,56,2
402,2024-03-18T12:57:21,58,4
403,2024-03-18T12:57:31,50,3
404,2024-03-18T12:59:58,79,6
405,2024-03-18T13:07:56,90,2
406,2024-03-18T13:12:27,68,6
407,2024-03-18T13:24:59,8,6
408,2024-03-18T13:34:52,31,5
409,2024-03-18T18:07:25,74,4
410,2024-03-18T18:42:49,45,4
411,2024-03-18T18:45:34,14,2
412,2024-03-18T19:18:18,73,4
413,2024-03-18T19:50:14,67,6
414,2024-03-18T19:50:33,71,6
415,2024-03-18T19:54:06,19,4
416,2024-03-18T20:50:07,39,4
417,2024-03-18T22:47:26,12,3
418,2024-03-18T23:12:46,47,3
419,2024-03-18T23:18:20,7,2
420,2024-03-18T23:41:05,43,5
421,2024-03-19T11:47:03,42,4
422,2024-03-19T13:01:10,7,5
423,2024-03-19T13:12:46,50,4
424,2024-03-19T13:22:12,71,1
425,2024-03-19T13:25:21,18,2
426,2024-03-19T13:38:33,96,6
427,2024-03-19T13:40:45,54,6
428,2024-03-19T18:25:53,11,4
429,2024-03-19T20:43:12,6,5
430,2024-03-19T22:02:27,31,6
431,2024-03-20T11:10:22,84,6
432,2024-03-20T11:11:01,21,2
433,2024-03-20T11:53:44,22,4
434,2024-03-20T12:03:40,23,4
435,2024-03-20T12:34:54,58,5
436,2024-03-20T12:52:30,56,6
437,2024-03-20T13:05:11,62,3
438,2024-03-20T13:15:34,63,1
439,2024-03-20T13:20:40,90,2
440,2024-03-20T13:34:12,55,3
441,2024-03-20T17:17:47,8,2
442,2024-03-20T17:27:23,45,3
443,2024-03-20T17:41:18,74,5
444,2024-03-20T19:04:12,24,4
445,2024-03-20T19:15:06,33,5
446,2024-03-20T19:26:48,11,2
447,2024-03-20T19:42:20,64,4
448,2024-03-20T20:30:58,98,2
449,2024-03-20T20:31:07,46,5
450,2024-03-20T21:24:41,16,3
451,2024-03-20T21:58:25,43,1
452,2024-03-20T22:41:51,31,2
453,2024-03-20T23:59:32,3,1
454,2024-03-21T11:04:07,78,2
455,2024-03-21T11:21:47,30,4
456,2024-03-21T12:14:23,48,3
457,2024-03-21T12:39:11,39,3
458,2024-03-21T13:19:51,36,4
459,2024-03-21T13:56:25,16,2
460,2024-03-21T17:05:02,43,4
461,2024-03-21T17:38:23,5,4
462,2024-03-21T19:09:54,12,4
463,2024-03-21T19:12:19,50,4
464,2024-03-21T19:51:59,63,2
465,2024-03-21T21:12:35,34,6
466,2024-03-22T11:03:18,63,4
467,2024-03-22T11:27:46,32,1
468,2024-03-22T12:02:08,46,2
469,2024-03-22T12:22:36,96,5
470,2024-03-22T12:53:42,49,5
471,2024-03-22T12:55:19,34,3
472,2024-03-22T13:07:31,93,3
473,2024-03-22T13:17:58,3,1
474,2024-03-22T13:45:58,25,6
475,2024-03-22T17:01:46,73,3
476,2024-03-22T17:49:17,45,3
477,2024-03-22T20:59:44,11,5
478,2024-03-22T22:14:56,91,2
479,2024-03-22T22:23:17,13,2
480,2024-03-22T23:46:26,9,4
481,2024-03-22T23:48:42,99,5
482,2024-03-22T23:53:46,80,6
483,2024-03-23T11:12:50,42,1
484,2024-03-23T11:17:26,31,6
485,2024-03-23T11:31:50,86,4
486,2024-03-23T12:00:23,92,4
487,2024-03-23T12:17:20,2,5
488,2024-03-23T13:11:26,87,4
489,2024-03-23T13:15:55,35,4
490,2024-03-23T13:21:04,4,6
491,2024-03-23T13:32:39,34,5
492,2024-03-23T13:58:17,73,1
493,2024-03-23T17:53:01,52,6
494,2024-03-23T17:53:40,30,6
495,2024-03-23T18:04:54,1,4
496,2024-03-23T18:12:30,19,5
497,2024-03-23T18:44:03,47,4
498,2024-03-23T19:06:19,83,1
499,2024-03-23T20:15:35,62,2
500,2024-03-23T20:21:16,26,1
501,2024-03-23T20:55:07,90,6
502,2024-03-23T21:27:05,41,2
503,2024-03-23T21:51:42,17,3
504,2024-03-23T22:07:26,29,4
505,2024-03-23T23:03:07,63,1
506,2024-03-23T23:44:27,46,1
507,2024-03-24T11:24:54,26,1
508,2024-03-24T11:52:01,66,4
509,2024-03-24T12:16:21,5,1
510,2024-03-24T12:16:48,58,2
511,2024-03-24T12:42:22,94,1
512,2024-03-24T13:00:13,87,4
513,2024-03-24T13:31:22,54,1
514,2024-03-24T13:45:30,75,4
515,2024-03-24T13:49:25,67,1
516,2024-03-24T17:42:40,35,2
517,2024-03-24T18:36:47,20,6
518,2024-03-24T18:57:15,76,6
519,2024-03-24T19:19:32,51,3
520,2024-03-24T19:33:28,79,4
521,2024-03-24T19:56:36,47,2
522,2024-03-24T21:15:51,85,6
523,2024-03-24T21:38:22,22,2
524,2024-03-24T21:42:46,10,5
525,2024-03-24T21:46:42,36,4
526,2024-03-24T21:54:34,19,1
527,2024-03-24T22:48:50,40,2
528,2024-03-24T23:02:27,81,4
529,2024-03-24T23:21:46,44,2
530,2024-03-24T23:43:02,7,5
531,2024-03-25T11:01:37,41,4
532,2024-03-25T11:17:48,76,1
533,2024-03-25T11:23:24,63,6
534,2024-03-25T11:42:50,18,5
535,2024-03-25T11:47:03,15,5
536,2024-03-25T11:58:57,38,5
537,2024-03-25T12:04:39,91,4
538,2024-03-25T12:23:55,61,2
539,2024-03-25T12:31:11,97,1
540,2024-03-25T12:36:54,94,3
541,2024-03-25T12:43:35,20,4
542,2024-03-25T13:12:37,34,1
543,2024-03-25T13:19:58,54,4
544,2024-03-25T13:21:33,2,3
545,2024-03-25T13:30:14,23,1
546,2024-03-25T13:33:06,49,5
547,2024-03-25T13:39:32,95,3
548,2024-03-25T13:42:22,22,4
549,2024-03-25T18:10:36,40,6
550,2024-03-25T18:21:42,16,4
551,2024-03-25T18:51:20,70,4
552,2024-03-25T18:56:01,12,3
553,2024-03-25T20:33:07,73,3
554,2024-03-25T21:35:30,19,6
555,2024-03-25T21:42:27,52,1
556,2024-03-25T21:56:51,87,1
557,2024-03-25T21:57:54,80,3
558,2024-03-25T22:14:29,10,6
559,2024-03-25T22:34:43,82,6
560,2024-03-26T11:03:03,31,6
561,2024-03-26T11:21:43,22,2
562,2024-03-26T11:40:56,13,6
563,2024-03-26T12:06:50,68,5
564,2024-03-26T12:07:27,75,2
565,2024-03-26T12:46:34,88,3
566,2024-03-26T12:53:10,1,2
567,2024-03-26T12:53:45,47,3
568,2024-03-26T12:56:18,92,2
569,2024-03-26T12:57:35,95,6
570,2024-03-26T13:00:52,79,4
571,2024-03-26T13:06:09,26,4
572,2024-03-26T13:42:54,49,1
573,2024-03-26T13:51:17,48,3
574,2024-03-26T17:28:46,78,2
575,2024-03-26T18:24:02,29,3
576,2024-03-26T19:26:54,46,1
577,2024-03-26T19:46:25,34,2
578,2024-03-26T21:15:52,83,2
579,2024-03-26T21:34:41,98,3
580,2024-03-26T22:35:00,57,6
581,2024-03-26T23:31:48,94,1
582,2024-03-26T23:44:20,85,3
583,2024-03-27T11:04:39,99,6
584,2024-03-27T11:08:15,57,6
585,2024-03-27T11:10:21,45,2
586,2024-03-27T11:15:07,25,5
587,2024-03-27T11:17:23,33,5
588,2024-03-27T11:24:56,69,2
589,2024-03-27T11:31:13,80,1
590,2024-03-27T11:48:32,65,2
591,2024-03-27T12:06:08,12,4
592,2024-03-27T12:17:16,16,2
593,2024-03-27T12:19:52,71,1
594,2024-03-27T12:25:48,9,1
595,2024-03-27T12:51:32,95,5
596,2024-03-27T12:55:15,34,1
597,2024-03-27T13:00:15,60,5
598,2024-03-27T13:32:09,5,5
599,2024-03-27T13:50:09,94,5
600,2024-03-27T17:31:05,73,3
601,2024-03-27T17:45:01,56,6
602,2024-03-27T17:46:03,18,3
603,2024-03-27T18:17:12,67,2
604,2024-03-27T20:09:40,3,1
605,2024-03-27T20:20:20,63,1
606,2024-03-27T20:52:44,90,6
607,2024-03-27T21:31:32,29,4
608,2024-03-27T21:40:57,91,5
609,2024-03-27T21:41:41,62,4
610,2024-03-27T21:59:36,55,6
611,2024-03-27T22:41:58,4,3
612,2024-03-28T11:01:28,76,5
613,2024-03-28T11:16:26,21,2
614,2024-03-28T11:26:49,81,5
615,2024-03-28T12:05:11,69,4
616,2024-03-28T12:43:49,84,4
617,2024-03-28T12:56:41,32,6
618,2024-03-28T13:22:49,12,3
619,2024-03-28T13:31:21,47,4
620,2024-03-28T17:23:24,54,4
621,2024-03-28T18:06:03,58,2
622,2024-03-28T18:15:20,89,3
623,2024-03-28T18:15:42,30,1
624,2024-03-28T20:17:19,65,1
625,2024-03-28T20:58:51,87,5
626,2024-03-28T21:06:10,13,4
627,2024-03-29T12:03:50,27,6
628,2024-03-29T12:06:35,53,6
629,2024-03-29T12:12:52,58,3
630,2024-03-29T13:39:25,35,4
631,2024-03-29T13:51:45,59,3
632,2024-03-29T13:53:49,73,2
633,2024-03-29T18:10:51,99,5
634,2024-03-29T18:31:44,55,2
635,2024-03-29T22:08:29,82,3
636,2024-03-29T23:38:20,93,4
637,2024-03-30T11:42:30,90,6
638,2024-03-30T11:44:41,92,2
639,2024-03-30T12:58:20,31,6
640,2024-03-30T13:45:42,25,1
641,2024-03-30T17:02:42,93,1
642,2024-03-30T17:44:50,33,5
643,2024-03-30T18:09:04,11,5
644,2024-03-30T21:06:17,18,4
645,2024-03-30T23:15:57,100,2
646,2024-03-30T23:26:39,55,2
647,2024-03-30T23:33:43,46,2
648,2024-03-31T11:08:30,45,4
649,2024-03-31T11:31:13,12,1
650,2024-03-31T12:08:30,74,2
651,2024-03-31T12:21:20,41,3
652,2024-03-31T12:28:23,27,6
653,2024-03-31T12:30:24,88,6
654,2024-03-31T12:37:27,80,5
655,2024-03-31T12:37:52,98,4
656,2024-03-31T12:53:02,40,6
657,2024-03-31T12:54:25,81,4
658,2024-03-31T12:55:45,16,2
659,2024-03-31T12:58:43,78,5
660,2024-03-31T13:10:20,62,2
661,2024-03-31T13:50:25,3,3
662,2024-03-31T13:51:34,14,5
663,2024-03-31T17:27:15,94,4
664,2024-03-31T17:53:51,95,4
665,2024-03-31T19:03:24,26,6
666,2024-03-31T19:40:27,51,2
667,2024-03-31T20:25:46,4,6
668,2024-03-31T20:30:49,35,2
669,2024-03-31T20:44:08,64,6
670,2024-03-31T21:22:59,91,4
671,2024-03-31T22:00:49,60,1
672,2024-03-31T23:42:58,52,2
673,2024-04-01T11:31:10,86,4
674,2024-04-01T11:34:08,32,1
675,2024-04-01T11:35:12,77,6
676,2024-04-01T11:42:53,15,6
677,2024-04-01T12:11:09,83,3
678,2024-04-01T12:55:00,76,5
679,2024-04-01T13:10:51,11,4
680,2024-04-01T13:27:14,50,2
681,2024-04-01T13:41:45,23,5
682,2024-04-01T17:22:06,49,1
683,2024-04-01T17:22:20,94,6
684,2024-04-01T17:50:31,87,1
685,2024-04-01T18:32:02,25,6
686,2024-04-01T18:33:01,24,1
687,2024-04-01T18:51:47,46,2
688,2024-04-01T19:05:13,68,4
689,2024-04-01T19:15:29,88,2
690,2024-04-01T20:02:13,79,4
691,2024-04-01T21:31:36,38,4
692,2024-04-01T21:45:06,71,1
693,2024-04-01T21:57:59,13,4
694,2024-04-01T22:47:40,82,6
695,2024-04-01T22:51:35,69,5
696,2024-04-01T23:03:41,96,3
697,2024-04-01T23:04:20,2,5
698,2024-04-01T23:49:02,18,6
699,2024-04-02T11:18:55,75,4
700,2024-04-02T12:06:56,76,5
701,2024-04-02T13:33:03,7,2
702,2024-04-02T17:06:43,11,6
703,2024-04-02T18:45:39,69,3
704,2024-04-02T19:07:17,21,4
705,2024-04-02T20:26:43,63,5
706,2024-04-02T21:20:52,57,6
707,2024-04-02T22:21:19,20,4
708,2024-04-02T22:29:26,14,3
709,2024-04-02T22:57:24,53,3
710,2024-04-02T23:22:57,22,4
711,2024-04-02T23:44:57,36,3
712,2024-04-03T11:50:18,32,1
713,2024-04-03T12:00:55,52,2
714,2024-04-03T12:08:20,47,5
715,2024-04-03T12:21:29,66,5
716,2024-04-03T13:00:32,10,3
717,2024-04-03T13:19:36,42,6
718,2024-04-03T13:51:05,78,4
719,2024-04-03T13:54:01,43,5
720,2024-04-03T13:54:44,35,3
721,2024-04-03T17:15:10,100,1
722,2024-04-03T18:19:58,88,6
723,2024-04-03T21:52:03,19,1
724,2024-04-03T21:53:23,76,4
725,2024-04-03T23:10:47,7,5
726,2024-04-04T11:09:08,23,4
727,2024-04-04T11:15:11,49,6
728,2024-04-04T11:46:22,15,6
729,2024-04-04T11:51:09,17,3
730,2024-04-04T12:01:08,28,3
731,2024-04-04T12:01:16,30,3
732,2024-04-04T12:13:04,83,5
733,2024-04-04T12:18:12,3,2
734,2024-04-04T12:27:37,55,2
735,2024-04-04T12:30:16,6,4
736,2024-04-04T12:51:54,77,4
737,2024-04-04T13:06:33,73,1
738,2024-04-04T13:06:51,16,4
739,2024-04-04T13:17:26,54,6
740,2024-04-04T13:42:02,61,1
741,2024-04-04T13:55:33,18,1
742,2024-04-04T17:07:10,91,6
743,2024-04-04T19:21:43,21,5
744,2024-04-04T19:22:08,75,2
745,2024-04-04T19:39:29,46,1
746,2024-04-04T19:46:18,53,4
747,2024-04-04T19:58:35,90,4
748,2024-04-04T21:00:21,76,2
749,2024-04-04T21:39:00,37,6
750,2024-04-04T22:59:37,11,2
751,2024-04-04T23:04:55,1,2
752,2024-04-04T23:19:26,8,4
753,2024-04-04T23:33:20,88,6
754,2024-04-04T23:34:03,81,6
755,2024-04-04T23:36:35,74,2
756,2024-04-05T11:16:32,15,4
757,2024-04-05T11:19:41,92,5
758,2024-04-05T11:28:07,100,6
759,2024-04-05T11:29:02,91,2
760,2024-04-05T11:56:30,67,4
761,2024-04-05T12:06:15,7,3
762,2024-04-05T12:27:36,66,5
763,2024-04-05T12:56:12,98,5
764,2024-04-05T13:30:00,52,3
765,2024-04-05T13:38:15,42,6
766,2024-04-05T13:46:41,37,6
767,2024-04-05T17:49:34,58,5
768,2024-04-05T20:18:30,4,5
769,2024-04-05T20:54:07,11,1
770,2024-04-05T22:29:14,78,5
771,2024-04-05T22:39:53,73,4
772,2024-04-06T11:00:36,13,1
773,2024-04-06T11:55:04,5,3
774,2024-04-06T12:00:25,91,3
775,2024-04-06T12:05:55,51,1
776,2024-04-06T12:13:45,34,4
777,2024-04-06T12:32:28,99,3
778,2024-04-06T12:36:18,86,4
779,2024-04-06T13:23:28,31,2
780,2024-04-06T13:37:38,95,5
781,2024-04-06T13:48:33,76,2
782,2024-04-06T13:59:11,16,5
783,2024-04-06T17:14:55,44,2
784,2024-04-06T18:02:45,65,6
785,2024-04-06T18:10:44,82,6
786,2024-04-06T19:28:35,78,2
787,2024-04-06T20:31:57,10,4
788,2024-04-06T20:54:34,17,4
789,2024-04-06T21:17:13,90,1
790,2024-04-06T21:20:20,72,4
791,2024-04-06T23:31:08,9,6
792,2024-04-07T11:03:35,97,3
793,2024-04-07T11:21:11,35,3
794,2024-04-07T12:15:49,38,4
795,2024-04-07T12:16:01,47,1
796,2024-04-07T12:19:47,48,6
797,2024-04-07T13:23:03,68,2
798,2024-04-07T13:27:27,87,6
799,2024-04-07T13:38:47,80,3
800,2024-04-07T17:01:58,66,5
801,2024-04-07T17:35:37,2,5
802,2024-04-07T18:14:31,17,3
803,2024-04-07T18:17:17,49,6
804,2024-04-07T18:33:55,83,6
805,2024-04-07T18:49:35,36,3
806,2024-04-07T18:57:35,75,4
807,2024-04-07T19:56:58,21,6
808,2024-04-07T20:31:45,11,6
809,2024-04-07T21:23:01,59,5
810,2024-04-07T21:33:12,18,5
811,2024-04-07T21:33:53,86,5
812,2024-04-07T21:35:06,72,1
813,2024-04-07T21:35:15,37,1
814,2024-04-07T22:30:04,91,3
815,2024-04-07T22:32:44,92,1
816,2024-04-07T23:34:51,84,4
817,2024-04-07T23:56:19,63,3
818,2024-04-08T11:26:08,31,3
819,2024-04-08T12:15:18,63,2
820,2024-04-08T12:24:07,33,1
821,2024-04-08T12:33:36,19,3
822,2024-04-08T12:45:15,17,6
823,2024-04-08T13:25:47,78,1
824,2024-04-08T20:20:09,22,3
825,2024-04-08T21:28:30,55,6
826,2024-04-08T21:31:23,47,6
827,2024-04-08T22:54:30,93,4
828,2024-04-08T23:31:26,77,1
829,2024-04-08T23:34:53,26,6
830,2024-04-09T11:12:56,69,2
831,2024-04-09T11:40:59,49,6
832,2024-04-09T11:48:26,37,5
833,2024-04-09T13:02:05,86,6
834,2024-04-09T13:10:01,43,2
835,2024-04-09T13:16:25,94,6
836,2024-04-09T17:58:13,1,1
837,2024-04-09T18:01:39,70,2
838,2024-04-09T18:34:32,93,6
839,2024-04-09T22:19:06,31,5
840,2024-04-09T22:19:48,21,5
841,2024-04-10T11:07:23,85,3
842,2024-04-10T11:10:41,58,6
843,2024-04-10T11:32:37,69,2
844,2024-04-10T11:56:16,36,2
845,2024-04-10T12:10:46,83,1
846,2024-04-10T12:14:48,21,2
847,2024-04-10T12:47:51,20,5
848,2024-04-10T13:07:54,77,4
849,2024-04-10T13:12:03,96,5
850,2024-04-10T13:28:40,3,6
851,2024-04-10T13:34:06,47,4
852,2024-04-10T13:44:59,8,2
853,2024-04-10T13:49:49,73,6
854,2024-04-10T17:29:03,55,3
855,2024-04-10T18:00:06,59,1
856,2024-04-10T18:01:19,14,1
857,2024-04-10T18:06:15,18,3
858,2024-04-10T18:46:48,7,6
859,2024-04-10T18:47:58,42,5
860,2024-04-10T19:06:59,98,5
861,2024-04-10T20:29:59,11,6
862,2024-04-10T20:37:43,50,2
863,2024-04-10T20:52:49,24,3
864,2024-04-10T21:14:59,34,1
865,2024-04-10T21:41:42,43,4
866,2024-04-10T21:51:08,1,5
867,2024-04-10T22:09:07,35,6
868,2024-04-10T23:41:06,37,1
869,2024-04-10T23:52:16,67,6
870,2024-04-11T11:02:50,28,4
871,2024-04-11T11:31:51,59,2
872,2024-04-11T11:37:03,79,5
873,2024-04-11T11:38:17,66,1
874,2024-04-11T12:27:30,34,2
875,2024-04-11T12:52:34,32,3
876,2024-04-11T13:25:53,85,2
877,2024-04-11T17:01:40,46,6
878,2024-04-11T17:47:32,90,2
879,2024-04-11T18:17:07,45,1
880,2024-04-11T19:08:09,62,6
881,2024-04-11T20:17:27,52,3
882,2024-04-11T20:43:54,57,3
883,2024-04-11T21:28:29,20,4
884,2024-04-11T22:56:55,63,6
885,2024-04-11T23:42:50,16,5
886,2024-04-12T11:09:16,1,6
887,2024-04-12T11:24:17,10,1
888,2024-04-12T11:45:09,42,4
889,2024-04-12T11:51:29,72,5
890,2024-04-12T11:52:38,52,1
891,2024-04-12T11:52:58,13,4
892,2024-04-12T12:01:01,2,4
893,2024-04-12T12:24:57,87,4
894,2024-04-12T12:36:45,93,3
895,2024-04-12T12:53:08,53,1
896,2024-04-12T13:04:54,59,1
897,2024-04-12T13:10:53,37,2
898,2024-04-12T13:23:54,9,5
899,2024-04-12T13:29:14,3,3
900,2024-04-12T13:51:36,8,1
901,2024-04-12T18:15:04,33,6
902,2024-04-12T19:18:21,64,4
903,2024-04-12T19:41:54,25,3
904,2024-04-12T20:21:09,14,2
905,2024-04-12T21:02:22,56,2
906,2024-04-12T21:06:03,88,4
907,2024-04-12T21:57:25,26,1
908,2024-04-12T23:36:34,17,1
909,2024-04-12T23:51:45,4,1
910,2024-04-12T23:56:17,39,5
911,2024-04-13T11:00:19,62,3
912,2024-04-13T11:27:16,90,3
913,2024-04-13T11:45:55,30,4
914,2024-04-13T11:46:00,65,2
915,2024-04-13T12:14:35,27,6
916,2024-04-13T12:36:14,98,1
917,2024-04-13T13:08:04,24,1
918,2024-04-13T13:14:06,19,6
919,2024-04-13T13:14:44,91,2
920,2024-04-13T13:19:29,51,6
921,2024-04-13T17:16:50,34,2
922,2024-04-13T19:05:26,56,2
923,2024-04-13T19:40:09,11,3
924,2024-04-13T20:25:09,31,2
925,2024-04-13T20:40:21,64,2
926,2024-04-13T23:40:47,74,6
927,2024-04-13T23:44:41,55,2
928,2024-04-14T11:01:03,29,3
929,2024-04-14T11:19:10,75,4
930,2024-04-14T11:47:49,59,3
931,2024-04-14T11:47:55,49,1
932,2024-04-14T12:17:33,24,4
933,2024-04-14T12:22:30,74,4
934,2024-04-14T12:31:06,90,2
935,2024-04-14T12:40:51,85,1
936,2024-04-14T12:48:26,2,3
937,2024-04-14T13:52:39,87,5
938,2024-04-14T17:04:56,25,2
939,2024-04-14T17:08:11,94,6
940,2024-04-14T19:30:10,64,3
941,2024-04-14T20:04:44,27,3
942,2024-04-14T21:56:29,4,4
943,2024-04-14T22:05:06,91,3
944,2024-04-14T22:35:48,82,1
945,2024-04-14T23:08:06,44,2
946,2024-04-14T23:28:09,62,6
947,2024-04-14T23:34:14,65,3
948,2024-04-15T11:15:33,43,5
949,2024-04-15T11:29:56,5,5
950,2024-04-15T11:40:26,91,4
951,2024-04-15T11:49:46,2,5
952,2024-04-15T11:59:17,52,2
953,2024-04-15T12:04:47,31,5
954,2024-04-15T12:22:12,27,2
955,2024-04-15T12:23:40,74,6
956,2024-04-15T12:33:04,9,5
957,2024-04-15T12:46:41,53,1
958,2024-04-15T13:07:34,77,2
959,2024-04-15T13:13:24,79,5
960,2024-04-15T13:26:27,39,5
961,2024-04-15T13:28:52,48,5
962,2024-04-15T13:30:16,95,1
963,2024-04-15T17:14:12,63,6
964,2024-04-15T17:37:50,35,5
965,2024-04-15T17:39:07,64,1
966,2024-04-15T18:15:26,38,4
967,2024-04-15T18:29:13,81,3
968,2024-04-15T18:50:47,94,4
969,2024-04-15T19:15:20,80,4
970,2024-04-15T20:25:07,21,4
971,2024-04-15T20:32:44,19,1
972,2024-04-15T21:12:06,3,5
973,2024-04-15T21:19:39,42,2
974,2024-04-15T21:40:51,73,6
975,2024-04-15T22:13:59,22,1
976,2024-04-15T22:29:49,37,2
977,2024-04-16T11:13:07,65,6
978,2024-04-16T11:17:14,74,4
979,2024-04-16T11:45:32,79,4
980,2024-04-16T11:51:37,24,4
981,2024-04-16T12:05:57,64,3
982,2024-04-16T12:07:00,28,3
983,2024-04-16T12:19:43,3,6
984,2024-04-16T12:25:24,29,5
985,2024-04-16T12:48:32,48,4
986,2024-04-16T12:49:58,72,3
987,2024-04-16T12:56:08,55,1
988,2024-04-16T13:14:50,15,3
989,2024-04-16T13:32:22,41,1
990,2024-04-16T17:05:00,30,6
991,2024-04-16T17:29:05,59,4
992,2024-04-16T17:57:11,95,2
993,2024-04-16T18:42:33,85,5
994,2024-04-16T18:47:44,21,6
995,2024-04-16T18:50:56,92,6
996,2024-04-16T19:09:37,89,4
997,2024-04-16T19:28:14,66,4
998,2024-04-16T21:44:15,91,6
999,2024-04-16T23:22:40,63,2
1000,2024-04-16T23:27:47,51,5
1001,2024-04-16T23:34:27,17,5
1002,2024-04-17T12:03:54,73,4
1003,2024-04-17T12:41:12,84,2
1004,2024-04-17T12:59:23,39,3
1005,2024-04-17T13:15:32,67,4
1006,2024-04-17T13:40:30,83,3
1007,2024-04-17T19:14:24,88,1
1008,2024-04-17T19:55:03,22,1
1009,2024-04-17T22:10:56,26,3
1010,2024-04-17T22:52:27,19,6
1011,2024-04-17T23:09:33,96,4
1012,2024-04-17T23:24:11,32,4
1013,2024-04-17T23:45:40,80,4
1014,2024-04-18T11:24:02,64,4
1015,2024-04-18T11:30:33,85,3
1016,2024-04-18T11:59:22,100,5
1017,2024-04-18T12:03:51,67,4
1018,2024-04-18T12:41:49,33,4
1019,2024-04-18T12:58:24,66,2
1020,2024-04-18T13:09:06,88,6
1021,2024-04-18T13:33:07,95,1
1022,2024-04-18T17:21:52,22,3
1023,2024-04-18T17:50:26,81,6
1024,2024-04-18T18:25:50,58,5
1025,2024-04-18T18:38:12,8,3
1026,2024-04-18T20:34:26,36,3
1027,2024-04-18T20:40:48,76,2
1028,2024-04-18T21:22:26,55,1
1029,2024-04-18T21:38:09,31,2
1030,2024-04-18T22:50:11,30,5
1031,2024-04-18T23:05:03,43,3
1032,2024-04-18T23:49:46,82,4
1033,2024-04-19T11:00:13,61,6
1034,2024-04-19T11:10:20,11,6
1035,2024-04-19T11:28:25,100,6
1036,2024-04-19T11:49:25,83,2
1037,2024-04-19T12:02:05,29,3
1038,2024-04-19T12:04:48,71,1
1039,2024-04-19T12:15:26,26,2
1040,2024-04-19T12:15:49,56,6
1041,2024-04-19T12:36:54,67,5
1042,2024-04-19T12:40:08,12,6
1043,2024-04-19T13:15:58,37,4
1044,2024-04-19T13:16:28,50,4
1045,2024-04-19T13:29:48,74,1
1046,2024-04-19T13:36:59,59,2
1047,2024-04-19T17:18:13,87,2
1048,2024-04-19T17:59:15,49,1
1049,2024-04-19T18:01:14,95,6
1050,2024-04-19T18:02:28,97,4
1051,2024-04-19T18:39:04,68,5
1052,2024-04-19T18:57:06,51,6
1053,2024-04-19T19:44:45,35,2
1054,2024-04-19T20:26:53,41,5
1055,2024-04-19T20:56:23,42,6
1056,2024-04-19T21:36:34,73,3
1057,2024-04-19T21:52:51,47,5
1058,2024-04-20T11:00:06,28,3
1059,2024-04-20T11:05:20,17,5
1060,2024-04-20T11:06:46,50,5
1061,2024-04-20T11:08:14,46,2
1062,2024-04-20T11:17:24,9,5
1063,2024-04-20T11:26:43,45,3
1064,2024-04-20T12:18:15,37,1
1065,2024-04-20T12:19:34,14,1
1066,2024-04-20T12:48:30,76,3
1067,2024-04-20T12:50:42,90,3
1068,2024-04-20T13:14:48,29,4
1069,2024-04-20T13:27:53,77,2
1070,2024-04-20T17:34:43,63,6
1071,2024-04-20T19:52:36,47,4
1072,2024-04-20T19:54:10,6,5
1073,2024-04-20T20:14:45,31,2
1074,2024-04-20T20:32:05,42,4
1075,2024-04-20T20:45:17,1,5
1076,2024-04-20T21:06:05,24,4
1077,2024-04-20T23:04:27,62,6
1078,2024-04-20T23:41:41,15,2
1079,2024-04-21T11:12:03,56,6
1080,2024-04-21T11:13:48,96,5
1081,2024-04-21T11:24:59,19,4
1082,2024-04-21T11:35:15,27,1
1083,2024-04-21T12:01:50,99,4
1084,2024-04-21T12:26:46,54,5
1085,2024-04-21T12:39:09,8,4
1086,2024-04-21T13:01:04,92,5
1087,2024-04-21T13:19:17,94,4
1088,2024-04-21T13:30:17,23,5
1089,2024-04-21T13:34:16,24,6
1090,2024-04-21T13:40:06,62,3
1091,2024-04-21T13:57:31,9,6
1092,2024-04-21T17:33:40,11,3
1093,2024-04-21T19:11:20,81,2
1094,2024-04-21T19:50:57,39,1
1095,2024-04-21T20:13:54,15,3
1096,2024-04-21T20:32:43,52,2
1097,2024-04-21T20:43:55,64,6
1098,2024-04-21T20:59:03,89,1
1099,2024-04-21T21:14:53,12,6
1100,2024-04-21T21:25:50,17,1
1101,2024-04-21T21:35:46,68,1
1102,2024-04-21T21:49:30,26,2
1103,2024-04-21T23:05:02,55,6
1104,2024-04-21T23:44:47,66,3
1105,2024-04-22T11:12:16,87,4
1106,2024-04-22T11:53:32,35,5
1107,2024-04-22T11:56:20,92,4
1108,2024-04-22T12:01:25,17,1
1109,2024-04-22T12:12:14,73,2
1110,2024-04-22T12:12:59,72,5
1111,2024-04-22T12:13:39,56,6
1112,2024-04-22T12:34:06,3,2
1113,2024-04-22T12:55:38,63,2
1114,2024-04-22T12:58:48,90,2
1115,2024-04-22T13:02:59,54,1
1116,2024-04-22T13:39:20,85,2
1117,2024-04-22T17:04:46,29,6
1118,2024-04-22T17:09:21,7,6
1119,2024-04-22T19:57:37,28,1
1120,2024-04-22T20:28:21,91,4
1121,2024-04-22T21:00:54,48,3
1122,2024-04-22T21:44:10,16,2
1123,2024-04-22T21:44:18,11,1
1124,2024-04-22T22:25:17,94,6
1125,2024-04-22T23:03:17,61,1
1126,2024-04-22T23:14:10,55,5
1127,2024-04-23T11:07:06,23,6
1128,2024-04-23T12:06:25,55,6
1129,2024-04-23T12:28:28,19,2
1130,2024-04-23T12:31:00,67,6
1131,2024-04-23T12:34:40,14,3
1132,2024-04-23T12:38:15,77,1
1133,2024-04-23T12:41:07,9,6
1134,2024-04-23T12:44:27,93,1
1135,2024-04-23T12:57:43,48,3
1136,2024-04-23T13:07:17,3,2
1137,2024-04-23T13:11:55,10,3
1138,2024-04-23T13:14:53,1,2
1139,2024-04-23T13:24:50,28,3
1140,2024-04-23T13:35:18,84,6
1141,2024-04-23T13:41:22,83,3
1142,2024-04-23T13:43:36,76,6
1143,2024-04-23T18:02:17,51,1
1144,2024-04-23T18:17:45,30,6
1145,2024-04-23T18:20:35,39,6
1146,2024-04-23T18:34:47,42,4
1147,2024-04-23T18:47:57,17,2
1148,2024-04-23T19:59:10,80,5
1149,2024-04-23T20:09:14,74,4
1150,2024-04-23T20:25:02,61,6
1151,2024-04-23T21:03:35,82,5
1152,2024-04-23T21:57:54,29,6
1153,2024-04-23T22:50:25,25,1
1154,2024-04-23T23:14:55,63,1
1155,2024-04-23T23:36:45,16,2
1156,2024-04-24T11:14:19,88,3
1157,2024-04-24T11:27:30,96,6
1158,2024-04-24T12:07:05,31,5
1159,2024-04-24T12:56:45,3,5
1160,2024-04-24T13:20:52,53,3
1161,2024-04-24T13:50:12,39,4
1162,2024-04-24T13:55:47,78,3
1163,2024-04-24T17:57:47,52,3
1164,2024-04-24T18:16:19,60,3
1165,2024-04-24T18:35:26,79,6
1166,2024-04-24T19:35:38,18,5
1167,2024-04-24T20:05:35,47,2
1168,2024-04-24T20:41:46,49,6
1169,2024-04-24T21:48:20,63,2
1170,2024-04-24T21:49:48,9,2
1171,2024-04-24T21:53:11,23,6
1172,2024-04-24T22:21:41,67,5
1173,2024-04-24T22:24:46,5,5
1174,2024-04-24T22:29:19,76,3
1175,2024-04-24T23:25:50,99,1
1176,2024-04-24T23:55:26,86,3
1177,2024-04-25T11:04:16,2,2
1178,2024-04-25T11:25:30,3,1
1179,2024-04-25T11:27:17,97,4
1180,2024-04-25T11:39:53,80,5
1181,2024-04-25T11:40:05,95,3
1182,2024-04-25T11:45:09,87,3
1183,2024-04-25T11:47:37,65,4
1184,2024-04-25T12:03:46,14,3
1185,2024-04-25T12:55:41,42,1
1186,2024-04-25T13:33:25,1,6
1187,2024-04-25T13:33:30,57,5
1188,2024-04-25T13:46:58,58,6
1189,2024-04-25T13:54:43,100,6
1190,2024-04-25T13:57:01,94,3
1191,2024-04-25T17:58:30,43,6
1192,2024-04-25T18:28:10,68,6
1193,2024-04-25T18:35:42,28,6
1194,2024-04-25T19:12:35,11,4
1195,2024-04-25T19:20:45,4,5
1196,2024-04-25T19:21:54,23,4
1197,2024-04-25T20:40:17,66,5
1198,2024-04-25T21:40:02,32,4
1199,2024-04-25T23:42:01,81,6
1200,2024-04-25T23:47:39,35,2
1201,2024-04-26T11:02:54,74,2
1202,2024-04-26T11:09:59,72,5
1203,2024-04-26T11:12:29,34,2
1204,2024-04-26T11:20:20,98,1
1205,2024-04-26T11:43:23,99,4
1206,2024-04-26T12:22:51,77,2
1207,2024-04-26T12:25:53,43,5
1208,2024-04-26T12:32:32,17,5
1209,2024-04-26T12:57:44,38,6
1210,2024-04-26T13:04:06,78,5
1211,2024-04-26T13:51:16,63,5
1212,2024-04-26T17:58:33,95,1
1213,2024-04-26T19:05:41,100,5
1214,2024-04-26T19:42:22,70,4
1215,2024-04-26T19:46:47,76,5
1216,2024-04-26T20:11:16,82,3
1217,2024-04-26T20:43:31,8,5
1218,2024-04-26T21:02:48,46,6
1219,2024-04-26T21:19:40,85,2
1220,2024-04-26T21:42:58,66,1
1221,2024-04-26T22:20:07,62,5
1222,2024-04-26T22:26:58,81,4
1223,2024-04-26T23:04:17,83,4
1224,2024-04-26T23:17:45,50,1
1225,2024-04-26T23:20:05,47,1
1226,2024-04-27T11:10:44,18,6
1227,2024-04-27T11:32:06,91,5
1228,2024-04-27T11:51:51,38,6
1229,2024-04-27T12:06:22,85,3
1230,2024-04-27T12:15:00,39,1
1231,2024-04-27T12:36:47,96,1
1232,2024-04-27T13:26:28,8,6
1233,2024-04-27T13:29:01,74,3
1234,2024-04-27T13:36:05,20,4
1235,2024-04-27T13:51:27,79,3
1236,2024-04-27T17:20:56,15,6
1237,2024-04-27T20:22:16,55,6
1238,2024-04-27T20:38:21,100,3
1239,2024-04-27T22:53:59,27,5
1240,2024-04-27T23:24:59,84,1
1241,2024-04-27T23:39:20,99,6
1242,2024-04-27T23:54:20,67,1
1243,2024-04-28T11:10:27,72,3
1244,2024-04-28T11:16:40,86,3
1245,2024-04-28T11:23:44,57,5
1246,2024-04-28T13:26:57,32,1
1247,2024-04-28T19:03:58,70,1
1248,2024-04-28T19:55:01,17,5
1249,2024-04-28T20:36:48,68,2
1250,2024-04-28T21:43:13,42,3
1251,2024-04-28T22:09:09,44,3
1252,2024-04-28T22:43:59,21,2
1253,2024-04-29T11:08:44,80,1
1254,2024-04-29T11:17:03,68,3
1255,2024-04-29T11:34:23,100,1
1256,2024-04-29T11:43:23,6,1
1257,2024-04-29T11:55:12,71,3
1258,2024-04-29T12:20:56,86,5
1259,2024-04-29T12:21:33,74,5
1260,2024-04-29T12:28:47,67,6
1261,2024-04-29T12:33:05,98,4
1262,2024-04-29T12:34:00,54,4
1263,2024-04-29T12:40:56,14,3
1264,2024-04-29T12:57:43,3,4
1265,2024-04-29T13:23:59,40,1
1266,2024-04-29T13:48:09,78,1
1267,2024-04-29T18:02:26,50,2
1268,2024-04-29T18:24:01,37,5
1269,2024-04-29T18:55:45,29,6
1270,2024-04-29T19:30:44,63,3
1271,2024-04-29T20:03:08,93,2
1272,2024-04-29T20:03:45,46,5
1273,2024-04-29T20:40:19,45,2
1274,2024-04-29T20:42:18,57,6
1275,2024-04-29T21:52:13,33,1
1276,2024-04-29T22:55:09,10,6
1277,2024-04-30T11:39:56,79,1
1278,2024-04-30T12:12:20,69,2
1279,2024-04-30T13:10:08,37,6
1280,2024-04-30T13:12:27,26,1
1281,2024-04-30T13:53:41,23,3
1282,2024-04-30T13:56:12,78,2
1283,2024-04-30T17:12:38,15,4
1284,2024-04-30T18:33:04,70,6
1285,2024-04-30T20:18:21,54,2
1286,2024-04-30T20:21:50,6,5
1287,2024-04-30T22:57:13,88,4
1288,2024-04-30T22:58:23,29,6
1289,2024-04-30T23:52:20,47,5
1290,2024-05-01T11:06:53,95,2
1291,2024-05-01T11:10:26,78,5
1292,2024-05-01T11:11:50,62,6
1293,2024-05-01T11:15:23,48,3
1294,2024-05-01T11:19:48,14,4
1295,2024-05-01T11:22:26,7,3
1296,2024-05-01T11:24:13,86,5
1297,2024-05-01T12:07:40,46,1
1298,2024-05-01T12:12:08,44,2
1299,2024-05-01T12:29:52,84,6
1300,2024-05-01T12:51:48,21,3
1301,2024-05-01T13:32:17,58,1
1302,2024-05-01T13:37:25,96,6
1303,2024-05-01T13:59:27,5,2
1304,2024-05-01T17:25:26,88,3
1305,2024-05-01T17:57:38,39,6
1306,2024-05-01T18:00:21,24,3
1307,2024-05-01T18:59:14,93,5
1308,2024-05-01T19:18:45,2,1
1309,2024-05-01T20:24:48,9,4
1310,2024-05-01T20:26:05,66,3
1311,2024-05-01T21:24:34,61,3
1312,2024-05-01T21:37:57,15,3
1313,2024-05-01T21:46:42,1,6
1314,2024-05-01T22:15:23,85,3
1315,2024-05-01T22:39:06,72,3
1316,2024-05-01T22:51:23,87,6
1317,2024-05-01T23:54:32,34,4
1318,2024-05-01T23:57:43,19,2
1319,2024-05-02T11:05:11,42,6
1320,2024-05-02T11:08:16,17,6
1321,2024-05-02T11:53:55,91,3
1322,2024-05-02T12:11:16,59,4
1323,2024-05-02T12:20:29,77,4
1324,2024-05-02T12:50:38,37,1
1325,2024-05-02T13:01:06,69,3
1326,2024-05-02T13:27:15,4,2
1327,2024-05-02T13:50:54,31,4
1328,2024-05-02T13:51:03,49,5
1329,2024-05-02T13:57:40,60,2
1330,2024-05-02T17:04:32,24,5
1331,2024-05-02T17:16:43,86,4
1332,2024-05-02T17:19:31,46,1
1333,2024-05-02T17:59:27,9,1
1334,2024-05-02T18:24:37,63,6
1335,2024-05-02T18:56:35,20,6
1336,2024-05-02T19:13:23,21,5
1337,2024-05-02T19:40:04,33,5
1338,2024-05-02T20:24:33,16,4
1339,2024-05-02T21:19:39,35,4
1340,2024-05-02T21:28:51,58,2
1341,2024-05-02T22:24:07,97,5
1342,2024-05-02T23:03:35,70,3
1343,2024-05-02T23:30:47,40,1
1344,2024-05-02T23:59:34,29,3
1345,2024-05-03T11:05:08,67,5
1346,2024-05-03T11:11:06,33,5
1347,2024-05-03T11:11:49,78,4
1348,2024-05-03T11:14:53,3,3
1349,2024-05-03T11:18:36,12,1
1350,2024-05-03T11:31:52,85,4
1351,2024-05-03T11:43:13,54,5
1352,2024-05-03T11:50:20,24,4
1353,2024-05-03T11:52:55,27,4
1354,2024-05-03T11:55:27,44,5
1355,2024-05-03T12:22:05,14,5
1356,2024-05-03T13:03:36,51,2
1357,2024-05-03T13:06:07,72,1
1358,2024-05-03T13:10:06,25,2
1359,2024-05-03T13:23:43,84,1
1360,2024-05-03T17:04:46,91,5
1361,2024-05-03T17:04:53,41,1
1362,2024-05-03T17:19:02,83,3
1363,2024-05-03T17:56:16,36,1
1364,2024-05-03T18:49:19,95,2
1365,2024-05-03T19:13:13,92,4
1366,2024-05-03T19:51:00,61,6
1367,2024-05-03T19:51:59,37,4
1368,2024-05-03T20:08:35,21,1
1369,2024-05-03T21:13:02,15,5
1370,2024-05-03T22:31:02,31,5
1371,2024-05-03T23:19:51,2,5
1372,2024-05-03T23:20:04,65,6
1373,2024-05-03T23:43:23,53,3
1374,2024-05-04T11:21:17,84,2
1375,2024-05-04T11:39:18,70,4
1376,2024-05-04T11:47:31,26,6
1377,2024-05-04T11:55:51,2,5
1378,2024-05-04T12:14:12,7,1
1379,2024-05-04T13:39:43,37,1
1380,2024-05-04T17:00:17,51,2
1381,2024-05-04T18:40:13,46,5
1382,2024-05-04T18:51:01,80,1
1383,2024-05-04T18:55:59,31,3
1384,2024-05-04T19:33:35,20,3
1385,2024-05-04T21:13:34,22,5
1386,2024-05-04T22:02:30,17,6
1387,2024-05-04T22:43:29,4,3
1388,2024-05-05T11:30:48,100,6
1389,2024-05-05T11:41:46,75,3
1390,2024-05-05T12:05:50,57,2
1391,2024-05-05T12:20:08,19,4
1392,2024-05-05T13:09:28,21,2
1393,2024-05-05T13:20:35,40,4
1394,2024-05-05T13:28:16,27,2
1395,2024-05-05T13:53:53,77,4
1396,2024-05-05T17:15:08,12,6
1397,2024-05-05T17:15:18,94,4
1398,2024-05-05T19:20:14,20,3
1399,2024-05-05T19:46:13,16,6
1400,2024-05-05T19:53:10,72,4
1401,2024-05-05T20:54:29,39,6
1402,2024-05-05T20:59:09,53,1
1403,2024-05-05T21:04:39,26,3
1404,2024-05-05T21:29:37,24,2
1405,2024-05-05T21:41:54,23,5
1406,2024-05-05T22:34:12,32,3
1407,2024-05-05T23:27:54,93,2
1408,2024-05-06T11:03:37,27,1
1409,2024-05-06T11:06:54,42,4
1410,2024-05-06T11:19:58,16,6
1411,2024-05-06T11:26:45,75,1
1412,2024-05-06T11:28:33,55,5
1413,2024-05-06T11:34:19,11,1
1414,2024-05-06T11:37:52,86,1
1415,2024-05-06T11:44:30,84,3
1416,2024-05-06T11:51:40,87,3
1417,2024-05-06T12:05:24,65,3
1418,2024-05-06T12:25:21,36,1
1419,2024-05-06T12:40:06,3,3
1420,2024-05-06T12:50:30,53,6
1421,2024-05-06T13:00:41,67,2
1422,2024-05-06T13:08:16,59,1
1423,2024-05-06T13:23:40,57,6
1424,2024-05-06T17:47:25,33,1
1425,2024-05-06T17:58:44,89,6
1426,2024-05-06T18:01:14,69,5
1427,2024-05-06T18:02:23,5,3
1428,2024-05-06T18:33:55,100,4
1429,2024-05-06T18:55:46,19,6
1430,2024-05-06T19:51:50,9,2
1431,2024-05-06T20:01:34,31,1
1432,2024-05-06T20:23:25,82,2
1433,2024-05-06T20:56:53,20,3
1434,2024-05-06T22:04:19,66,5
1435,2024-05-06T23:13:06,71,2
1436,2024-05-06T23:43:25,99,4
1437,2024-05-07T11:06:49,50,1
1438,2024-05-07T11:11:53,86,6
1439,2024-05-07T11:28:58,51,1
1440,2024-05-07T12:06:39,6,5
1441,2024-05-07T12:11:09,1,6
1442,2024-05-07T12:14:23,94,3
1443,2024-05-07T12:17:00,90,3
1444,2024-05-07T12:19:22,74,3
1445,2024-05-07T13:05:56,62,5
1446,2024-05-07T13:06:18,8,4
1447,2024-05-07T13:22:48,38,6
1448,2024-05-07T13:24:35,35,4
1449,2024-05-07T13:35:16,3,1
1450,2024-05-07T17:55:07,54,6
1451,2024-05-07T18:22:49,78,4
1452,2024-05-07T18:55:39,80,6
1453,2024-05-07T19:52:25,93,6
1454,2024-05-07T20:05:31,32,1
1455,2024-05-07T21:11:22,56,6
1456,2024-05-07T22:35:35,36,1
1457,2024-05-07T23:08:06,53,5
1458,2024-05-08T12:34:28,45,5
1459,2024-05-08T13:26:52,92,2
1460,2024-05-08T18:17:45,94,5
1461,2024-05-08T18:30:11,64,3
1462,2024-05-08T18:43:06,2,5
1463,2024-05-08T20:11:24,31,1
1464,2024-05-08T20:18:38,80,5
1465,2024-05-08T20:23:55,60,4
1466,2024-05-08T20:29:25,72,6
1467,2024-05-08T21:11:22,9,2
1468,2024-05-08T22:26:38,34,6
1469,2024-05-08T22:36:01,32,5
1470,2024-05-08T22:59:49,19,2
1471,2024-05-09T11:00:40,27,4
1472,2024-05-09T11:44:20,16,5
1473,2024-05-09T12:00:07,85,2
1474,2024-05-09T12:14:28,45,6
1475,2024-05-09T12:16:32,30,2
1476,2024-05-09T12:25:42,26,2
1477,2024-05-09T12:54:00,62,6
1478,2024-05-09T13:11:00,7,1
1479,2024-05-09T13:11:03,73,3
1480,2024-05-09T13:16:23,34,2
1481,2024-05-09T13:20:50,41,3
1482,2024-05-09T13:24:41,35,3
1483,2024-05-09T13:57:14,19,6
1484,2024-05-09T13:59:28,94,5
1485,2024-05-09T17:57:31,77,1
1486,2024-05-09T18:21:05,72,5
1487,2024-05-09T18:30:41,98,3
1488,2024-05-09T19:11:50,90,3
1489,2024-05-09T20:12:22,74,4
1490,2024-05-09T20:20:57,63,5
1491,2024-05-09T23:53:55,42,4
1492,2024-05-10T11:02:06,6,1
1493,2024-05-10T11:19:17,14,6
1494,2024-05-10T11:23:15,45,4
1495,2024-05-10T11:24:44,2,5
1496,2024-05-10T11:32:35,99,6
1497,2024-05-10T11:35:23,50,5
1498,2024-05-10T11:41:13,87,6
1499,2024-05-10T11:55:33,67,6
1500,2024-05-10T12:17:11,3,4
1501,2024-05-10T12:23:19,33,1
1502,2024-05-10T12:41:31,74,6
1503,2024-05-10T13:10:43,26,5
1504,2024-05-10T13:26:45,8,5
1505,2024-05-10T13:53:49,66,5
1506,2024-05-10T17:04:11,88,2
1507,2024-05-10T17:48:46,4,2
1508,2024-05-10T18:52:47,65,1
1509,2024-05-10T20:31:46,34,1
1510,2024-05-10T20:42:50,1,3
1511,2024-05-10T21:52:37,78,3
1512,2024-05-10T22:25:57,60,4
1513,2024-05-10T22:30:03,11,5
1514,2024-05-10T23:11:08,56,5
1515,2024-05-10T23:37:02,54,1
1516,2024-05-10T23:54:14,57,5
1517,2024-05-11T11:06:10,48,2
1518,2024-05-11T11:31:56,15,5
1519,2024-05-11T12:04:38,79,5
1520,2024-05-11T12:04:55,45,5
1521,2024-05-11T12:07:55,35,4
1522,2024-05-11T12:12:47,47,1
1523,2024-05-11T12:27:20,20,2
1524,2024-05-11T12:27:33,84,6
1525,2024-05-11T12:45:12,97,4
1526,2024-05-11T12:55:30,80,1
1527,2024-05-11T13:01:12,57,6
1528,2024-05-11T13:08:29,99,4
1529,2024-05-11T13:11:00,95,4
1530,2024-05-11T13:22:26,88,3
1531,2024-05-11T13:31:09,71,5
1532,2024-05-11T13:48:59,21,2
1533,2024-05-11T13:52:19,14,5
1534,2024-05-11T17:23:27,7,3
1535,2024-05-11T18:47:55,65,3
1536,2024-05-11T19:28:34,50,2
1537,2024-05-11T19:44:20,34,5
1538,2024-05-11T21:23:09,26,4
1539,2024-05-11T21:37:05,75,1
1540,2024-05-11T21:52:45,40,3
1541,2024-05-11T22:20:19,6,6
1542,2024-05-11T22:54:05,5,5
1543,2024-05-11T23:09:02,90,3
1544,2024-05-11T23:28:54,87,4
1545,2024-05-11T23:29:29,92,5
1546,2024-05-11T23:50:26,59,2
1547,2024-05-12T11:31:43,24,6
1548,2024-05-12T12:07:44,67,6
1549,2024-05-12T12:11:45,75,5
1550,2024-05-12T12:43:01,99,1
1551,2024-05-12T12:55:58,74,2
1552,2024-05-12T13:41:36,33,2
1553,2024-05-12T17:29:25,64,1
1554,2024-05-12T17:50:06,57,1
1555,2024-05-12T18:17:35,55,2
1556,2024-05-12T20:35:49,100,3
1557,2024-05-12T21:51:54,96,4
1558,2024-05-12T23:24:20,42,1
1559,2024-05-12T23:45:47,65,1
1560,2024-05-13T11:00:42,27,5
1561,2024-05-13T11:23:33,12,4
1562,2024-05-13T12:20:04,64,3
1563,2024-05-13T13:54:24,54,3
1564,2024-05-13T18:27:55,52,4
1565,2024-05-13T18:33:46,59,5
1566,2024-05-13T19:55:53,30,3
1567,2024-05-13T21:04:51,9,5
1568,2024-05-13T21:34:03,45,4
1569,2024-05-13T22:03:04,55,3
1570,2024-05-13T22:16:10,20,3
1571,2024-05-13T22:20:07,13,4
1572,2024-05-13T22:29:36,67,2
1573,2024-05-13T22:32:42,60,1
1574,2024-05-13T23:56:18,53,1
1575,2024-05-14T11:06:43,1,4
1576,2024-05-14T11:21:44,40,2
1577,2024-05-14T11:31:00,12,6
1578,2024-05-14T11:39:54,47,5
1579,2024-05-14T11:41:02,31,6
1580,2024-05-14T11:50:53,61,2
1581,2024-05-14T12:01:32,13,1
1582,2024-05-14T12:01:56,46,4
1583,2024-05-14T12:11:29,95,5
1584,2024-05-14T12:17:34,98,5
1585,2024-05-14T12:42:04,3,5
1586,2024-05-14T12:54:37,84,3
1587,2024-05-14T13:47:35,17,2
1588,2024-05-14T13:59:41,85,4
1589,2024-05-14T17:10:23,55,4
1590,2024-05-14T17:37:49,25,1
1591,2024-05-14T17:59:23,89,5
1592,2024-05-14T18:33:44,87,4
1593,2024-05-14T19:00:17,4,5
1594,2024-05-14T19:53:22,77,2
1595,2024-05-14T22:00:39,44,2
1596,2024-05-14T23:13:50,56,6
1597,2024-05-14T23:54:07,72,2
1598,2024-05-14T23:58:42,82,4
1599,2024-05-15T11:44:41,79,5
1600,2024-05-15T11:48:15,57,1
1601,2024-05-15T13:14:09,32,4
1602,2024-05-15T13:36:25,63,6
1603,2024-05-15T13:37:33,28,5
1604,2024-05-15T13:50:07,53,2
1605,2024-05-15T17:21:27,41,5
1606,2024-05-15T17:23:54,88,3
1607,2024-05-15T17:29:15,4,5
1608,2024-05-15T17:37:10,8,3
1609,2024-05-15T18:07:14,71,4
1610,2024-05-15T18:08:29,20,6
1611,2024-05-15T18:11:33,99,4
1612,2024-05-15T18:22:26,35,2
1613,2024-05-15T18:41:02,27,4
1614,2024-05-15T18:49:47,95,1
1615,2024-05-15T19:21:34,98,1
1616,2024-05-15T20:32:16,97,5
1617,2024-05-15T21:14:12,51,4
1618,2024-05-15T21:52:22,5,3
1619,2024-05-15T23:00:13,77,6
1620,2024-05-15T23:06:58,76,1
1621,2024-05-16T11:07:11,68,4
1622,2024-05-16T11:18:48,38,5
1623,2024-05-16T11:26:05,97,2
1624,2024-05-16T11:26:53,93,2
1625,2024-05-16T11:33:30,35,5
1626,2024-05-16T12:04:15,42,6
1627,2024-05-16T12:12:19,74,3
1628,2024-05-16T12:36:39,21,4
1629,2024-05-16T12:46:48,24,3
1630,2024-05-16T12:54:35,95,1
1631,2024-05-16T13:21:51,31,6
1632,2024-05-16T13:27:07,43,4
1633,2024-05-16T13:43:17,82,4
1634,2024-05-16T13:55:42,100,4
1635,2024-05-16T13:59:50,13,3
1636,2024-05-16T17:01:46,88,6
1637,2024-05-16T17:47:03,87,5
1638,2024-05-16T17:47:13,65,3
1639,2024-05-16T17:51:26,91,4
1640,2024-05-16T18:13:37,34,4
1641,2024-05-16T18:45:14,86,5
1642,2024-05-16T18:50:26,57,2
1643,2024-05-16T19:08:20,28,5
1644,2024-05-16T20:50:12,9,6
1645,2024-05-16T22:14:13,51,5
1646,2024-05-16T22:22:27,10,6
1647,2024-05-16T22:34:18,66,3
1648,2024-05-16T23:00:54,52,5
1649,2024-05-16T23:09:27,59,5
1650,2024-05-17T11:12:25,41,5
1651,2024-05-17T11:30:31,8,4
1652,2024-05-17T11:33:58,16,6
1653,2024-05-17T11:38:02,52,5
1654,2024-05-17T11:49:08,83,5
1655,2024-05-17T11:56:57,45,6
1656,2024-05-17T12:16:18,6,2
1657,2024-05-17T12:18:21,70,4
1658,2024-05-17T12:22:28,82,1
1659,2024-05-17T13:03:59,56,5
1660,2024-05-17T13:09:28,23,2
1661,2024-05-17T13:11:59,59,4
1662,2024-05-17T13:22:39,94,5
1663,2024-05-17T13:23:23,39,5
1664,2024-05-17T13:27:32,33,6
1665,2024-05-17T13:33:06,62,5
1666,2024-05-17T17:32:14,100,4
1667,2024-05-17T18:56:05,90,2
1668,2024-05-17T19:23:29,51,4
1669,2024-05-17T19:27:20,72,5
1670,2024-05-17T20:26:43,38,6
1671,2024-05-17T21:04:46,92,5
1672,2024-05-17T21:07:06,71,2
1673,2024-05-17T21:32:11,61,4
1674,2024-05-17T22:32:03,66,2
1675,2024-05-17T22:34:56,36,1
1676,2024-05-17T23:17:00,4,4
1677,2024-05-17T23:33:09,57,4
1678,2024-05-17T23:44:34,88,1
1679,2024-05-17T23:45:08,54,4
1680,2024-05-18T11:28:19,79,4
1681,2024-05-18T11:33:37,66,2
1682,2024-05-18T12:09:26,4,5
1683,2024-05-18T12:19:40,90,1
1684,2024-05-18T12:33:55,16,3
1685,2024-05-18T12:39:56,46,6
1686,2024-05-18T12:58:53,36,2
1687,2024-05-18T13:00:34,70,6
1688,2024-05-18T13:01:19,27,6
1689,2024-05-18T13:15:35,55,2
1690,2024-05-18T13:24:25,33,6
1691,2024-05-18T13:26:54,54,6
1692,2024-05-18T19:03:54,67,6
1693,2024-05-18T19:27:37,14,3
1694,2024-05-18T20:24:13,23,4
1695,2024-05-18T20:53:25,92,1
1696,2024-05-18T20:58:27,45,4
1697,2024-05-18T22:23:52,99,6
1698,2024-05-18T22:26:02,63,2
1699,2024-05-18T23:26:46,76,4
1700,2024-05-19T11:15:35,52,2
1701,2024-05-19T11:28:26,40,2
1702,2024-05-19T12:15:55,25,1
1703,2024-05-19T12:16:23,55,6
1704,2024-05-19T12:21:00,22,5
1705,2024-05-19T12:21:39,95,5
1706,2024-05-19T12:28:33,57,1
1707,2024-05-19T12:37:51,93,1
1708,2024-05-19T12:40:48,83,6
1709,2024-05-19T12:56:52,61,4
1710,2024-05-19T13:02:09,51,1
1711,2024-05-19T13:31:33,18,5
1712,2024-05-19T17:01:23,79,2
1713,2024-05-19T17:26:05,90,3
1714,2024-05-19T18:20:25,59,2
1715,2024-05-19T18:41:25,23,1
1716,2024-05-19T19:34:16,65,4
1717,2024-05-19T20:52:12,77,3
1718,2024-05-19T20:58:00,68,5
1719,2024-05-19T21:28:39,34,3
1720,2024-05-19T23:20:55,45,4
1721,2024-05-19T23:23:56,99,2
1722,2024-05-19T23:26:36,6,4
1723,2024-05-19T23:47:24,32,2
1724,2024-05-20T11:24:53,34,5
1725,2024-05-20T11:48:03,18,4
1726,2024-05-20T12:01:23,9,4
1727,2024-05-20T12:21:41,35,4
1728,2024-05-20T12:25:35,37,4
1729,2024-05-20T12:28:28,41,4
1730,2024-05-20T13:15:21,68,5
1731,2024-05-20T13:45:04,99,4
1732,2024-05-20T13:57:19,83,4
1733,2024-05-20T17:45:11,11,2
1734,2024-05-20T17:51:20,40,2
1735,2024-05-20T19:05:35,13,4
1736,2024-05-20T19:18:28,30,4
1737,2024-05-20T19:27:47,2,3
1738,2024-05-20T19:33:42,53,2
1739,2024-05-20T21:56:47,61,2
1740,2024-05-21T11:00:57,30,6
1741,2024-05-21T11:02:51,69,6
1742,2024-05-21T11:11:30,95,4
1743,2024-05-21T11:18:51,75,6
1744,2024-05-21T11:19:28,35,3
1745,2024-05-21T11:26:15,61,6
1746,2024-05-21T11:35:21,59,4
1747,2024-05-21T11:37:25,100,1
1748,2024-05-21T11:47:44,1,1
1749,2024-05-21T11:48:12,85,5
1750,2024-05-21T12:07:27,42,5
1751,2024-05-21T12:13:45,62,5
1752,2024-05-21T12:36:59,11,2
1753,2024-05-21T13:13:17,6,6
1754,2024-05-21T13:21:41,15,5
1755,2024-05-21T13:31:47,54,6
1756,2024-05-21T13:33:00,26,2
1757,2024-05-21T13:37:00,74,4
1758,2024-05-21T13:40:26,58,1
1759,2024-05-21T13:41:27,28,3
1760,2024-05-21T17:12:15,81,6
1761,2024-05-21T17:42:53,48,6
1762,2024-05-21T18:09:40,43,1
1763,2024-05-21T19:29:01,33,6
1764,2024-05-21T19:59:40,10,3
1765,2024-05-21T20:08:55,37,4
1766,2024-05-21T20:42:05,97,5
1767,2024-05-21T21:42:46,23,2
1768,2024-05-21T22:55:58,70,4
1769,2024-05-22T11:15:45,32,5
1770,2024-05-22T11:23:15,33,6
1771,2024-05-22T12:08:51,50,3
1772,2024-05-22T12:27:03,65,4
1773,2024-05-22T13:17:55,85,5
1774,2024-05-22T13:19:41,64,4
1775,2024-05-22T13:26:24,100,3
1776,2024-05-22T13:38:31,68,3
1777,2024-05-22T17:24:52,8,5
1778,2024-05-22T17:31:55,29,2
1779,2024-05-22T18:31:25,30,4
1780,2024-05-22T18:41:45,39,1
1781,2024-05-22T20:06:35,2,1
1782,2024-05-22T20:43:03,81,5
1783,2024-05-22T20:52:59,73,1
1784,2024-05-22T21:05:12,62,2
1785,2024-05-22T22:34:30,57,2
1786,2024-05-22T23:26:32,15,6
1787,2024-05-22T23:42:39,45,5
1788,2024-05-23T11:06:03,74,1
1789,2024-05-23T11:13:39,98,1
1790,2024-05-23T11:50:38,11,2
1791,2024-05-23T11:51:10,87,1
1792,2024-05-23T11:56:20,1,2
1793,2024-05-23T12:12:45,49,1
1794,2024-05-23T12:12:48,53,1
1795,2024-05-23T12:34:12,67,4
1796,2024-05-23T12:35:37,46,6
1797,2024-05-23T12:54:13,70,4
1798,2024-05-23T13:34:48,80,4
1799,2024-05-23T13:54:27,59,3
1800,2024-05-23T13:57:12,54,1
1801,2024-05-23T13:57:48,24,5
1802,2024-05-23T17:14:46,47,2
1803,2024-05-23T17:17:48,91,3
1804,2024-05-23T17:40:52,78,3
1805,2024-05-23T17:51:52,15,4
1806,2024-05-23T18:01:21,19,1
1807,2024-05-23T18:49:17,13,2
1808,2024-05-23T20:05:59,58,5
1809,2024-05-23T20:12:22,77,5
1810,2024-05-23T20:21:57,50,4
1811,2024-05-23T20:58:55,95,3
1812,2024-05-23T21:06:46,25,6
1813,2024-05-23T22:14:34,21,2
1814,2024-05-23T22:27:07,38,6
1815,2024-05-23T22:29:33,4,5
1816,2024-05-23T23:23:49,10,2
1817,2024-05-23T23:25:42,65,2
1818,2024-05-24T11:42:38,53,2
1819,2024-05-24T11:51:53,62,3
1820,2024-05-24T11:53:18,59,6
1821,2024-05-24T12:00:46,22,1
1822,2024-05-24T12:21:11,83,3
1823,2024-05-24T12:50:13,96,4
1824,2024-05-24T13:39:40,82,6
1825,2024-05-24T18:40:20,81,1
1826,2024-05-24T18:51:00,43,1
1827,2024-05-24T19:19:30,4,2
1828,2024-05-24T19:47:37,93,5
1829,2024-05-24T19:55:47,2,1
1830,2024-05-24T20:09:57,54,2
1831,2024-05-24T22:10:05,7,6
1832,2024-05-25T11:21:34,49,5
1833,2024-05-25T11:29:13,5,4
1834,2024-05-25T11:33:13,2,2
1835,2024-05-25T11:43:27,69,3
1836,2024-05-25T11:50:55,1,6
1837,2024-05-25T12:08:11,44,3
1838,2024-05-25T12:14:07,8,3
1839,2024-05-25T12:47:18,79,3
1840,2024-05-25T13:10:31,46,4
1841,2024-05-25T13:27:04,98,4
1842,2024-05-25T13:51:14,30,3
1843,2024-05-25T17:06:07,54,6
1844,2024-05-25T17:36:08,19,5
1845,2024-05-25T18:43:04,6,3
1846,2024-05-25T19:22:53,80,5
1847,2024-05-25T20:18:32,33,6
1848,2024-05-25T20:44:10,53,6
1849,2024-05-25T21:34:14,4,6
1850,2024-05-25T22:30:50,56,2
1851,2024-05-25T22:48:19,13,4
1852,2024-05-25T23:04:00,90,2
1853,2024-05-26T11:15:45,68,5
1854,2024-05-26T12:13:36,19,1
1855,2024-05-26T12:29:26,46,5
1856,2024-05-26T12:49:28,97,3
1857,2024-05-26T12:53:42,41,3
1858,2024-05-26T13:01:01,61,1
1859,2024-05-26T13:01:33,42,1
1860,2024-05-26T13:12:34,73,6
1861,2024-05-26T13:14:48,86,4
1862,2024-05-26T13:43:34,82,6
1863,2024-05-26T13:50:17,24,5
1864,2024-05-26T13:52:59,57,6
1865,2024-05-26T17:50:13,16,1
1866,2024-05-26T17:57:43,32,1
1867,2024-05-26T18:12:04,21,5
1868,2024-05-26T18:45:22,26,1
1869,2024-05-26T18:50:08,95,1
1870,2024-05-26T19:31:07,71,2
1871,2024-05-26T19:37:13,96,2
1872,2024-05-26T19:41:07,39,1
1873,2024-05-26T19:52:32,51,2
1874,2024-05-26T21:19:28,35,5
1875,2024-05-26T21:31:50,6,4
1876,2024-05-26T21:46:31,93,1
1877,2024-05-26T21:55:32,59,3
1878,2024-05-26T22:13:15,56,4
1879,2024-05-26T23:52:22,8,6
1880,2024-05-27T11:03:03,11,1
1881,2024-05-27T11:13:18,99,1
1882,2024-05-27T12:27:51,53,2
1883,2024-05-27T12:32:06,14,5
1884,2024-05-27T12:38:17,82,6
1885,2024-05-27T12:53:28,27,4
1886,2024-05-27T13:05:04,15,1
1887,2024-05-27T13:09:28,7,2
1888,2024-05-27T13:27:34,61,1
1889,2024-05-27T13:40:06,55,4
1890,2024-05-27T13:54:20,57,4
1891,2024-05-27T17:10:58,94,4
1892,2024-05-27T17:48:19,81,1
1893,2024-05-27T17:59:28,4,5
1894,2024-05-27T21:54:57,46,6
1895,2024-05-27T22:24:38,51,3
1896,2024-05-27T22:58:20,32,4
1897,2024-05-28T11:12:10,12,1
1898,2024-05-28T11:20:10,68,6
1899,2024-05-28T12:32:06,59,4
1900,2024-05-28T12:36:45,39,1
1901,2024-05-28T12:37:42,79,5
1902,2024-05-28T12:38:23,27,5
1903,2024-05-28T12:56:50,28,1
1904,2024-05-28T13:00:23,30,3
1905,2024-05-28T13:23:07,57,6
1906,2024-05-28T13:34:26,96,1
1907,2024-05-28T13:42:34,77,4
1908,2024-05-28T13:44:31,64,3
1909,2024-05-28T13:53:00,46,4
1910,2024-05-28T13:54:24,99,3
1911,2024-05-28T17:11:49,82,2
1912,2024-05-28T19:20:06,11,6
1913,2024-05-28T19:20:44,35,1
1914,2024-05-28T20:19:04,97,5
1915,2024-05-28T20:19:52,86,4
1916,2024-05-28T20:52:51,10,4
1917,2024-05-28T20:53:38,78,1
1918,2024-05-28T20:57:02,17,3
1919,2024-05-28T21:07:46,65,2
1920,2024-05-28T21:53:53,42,5
1921,2024-05-28T22:35:00,80,5
1922,2024-05-28T22:45:49,14,4
1923,2024-05-28T22:46:32,31,1
1924,2024-05-28T23:25:30,26,3
1925,2024-05-29T11:24:29,58,5
1926,2024-05-29T12:21:54,6,4
1927,2024-05-29T12:28:42,98,5
1928,2024-05-29T12:44:05,65,5
1929,2024-05-29T17:18:57,12,2
1930,2024-05-29T17:50:55,81,3
1931,2024-05-29T18:04:39,52,4
1932,2024-05-29T18:12:27,42,4
1933,2024-05-29T19:12:38,84,6
1934,2024-05-29T21:00:07,2,4
1935,2024-05-29T21:08:21,72,3
1936,2024-05-29T22:37:30,86,4
1937,2024-05-29T22:50:05,40,2
1938,2024-05-29T23:05:38,13,3
1939,2024-05-29T23:27:31,71,2
1940,2024-05-30T11:17:16,55,4
1941,2024-05-30T11:28:53,39,4
1942,2024-05-30T12:13:16,67,1
1943,2024-05-30T12:55:27,9,2
1944,2024-05-30T13:02:13,26,4
1945,2024-05-30T13:25:46,46,5
1946,2024-05-30T17:32:02,24,6
1947,2024-05-30T19:41:52,29,5
1948,2024-05-30T20:37:27,34,2
1949,2024-05-30T21:13:02,54,5
1950,2024-05-30T23:13:05,2,5
1951,2024-05-31T11:28:08,13,3
1952,2024-05-31T11:42:41,96,2
1953,2024-05-31T11:46:18,23,5
1954,2024-05-31T12:03:56,15,3
1955,2024-05-31T12:16:08,89,5
1956,2024-05-31T12:20:07,17,4
1957,2024-05-31T12:41:51,81,2
1958,2024-05-31T12:46:38,39,2
1959,2024-05-31T13:08:58,73,4
1960,2024-05-31T13:18:00,69,6
1961,2024-05-31T13:29:14,26,6
1962,2024-05-31T13:42:18,44,2
1963,2024-05-31T13:51:36,21,2
1964,2024-05-31T13:52:20,79,1
1965,2024-05-31T13:59:03,70,2
1966,2024-05-31T18:08:15,94,2
1967,2024-05-31T18:42:48,53,1
1968,2024-05-31T18:59:57,34,3
1969,2024-05-31T19:42:02,40,2
1970,2024-05-31T19:55:19,97,2
1971,2024-05-31T20:12:03,51,5
1972,2024-05-31T20:42:56,14,6
1973,2024-05-31T21:51:49,6,5
1974,2024-05-31T21:55:55,4,3
1975,2024-05-31T22:26:23,87,3
1976,2024-05-31T23:50:17,66,6