orderId:int,completedAt:date,customerId:int
1,2024-03-01T11:27:56,78
2,2024-03-01T11:49:43,75
3,2024-03-01T11:51:36,77
4,2024-03-01T12:04:45,5
5,2024-03-01T12:11:21,34
6,2024-03-01T12:31:06,45
7,2024-03-01T12:37:35,2
8,2024-03-01T13:03:06,93
9,2024-03-01T13:27:43,43
10,2024-03-01T17:09:20,54
11,2024-03-01T17:48:42,86
12,2024-03-01T17:51:47,20
13,2024-03-01T18:07:38,61
14,2024-03-01T18:19:12,14
15,2024-03-01T19:19:43,99
16,2024-03-01T19:46:35,96
17,2024-03-01T19:54:55,72
18,2024-03-01T20:10:14,12
19,2024-03-01T20:29:00,90
20,2024-03-01T21:10:41,76
21,2024-03-01T21:34:28,39
22,2024-03-01T21:48:10,16
23,2024-03-01T21:56:08,70
24,2024-03-01T22:11:08,28
25,2024-03-01T22:42:15,31
26,2024-03-01T23:32:15,80
27,2024-03-01T23:38:53,85
28,2024-03-01T23:41:25,26
29,2024-03-01T23:44:11,30
30,2024-03-01T23:52:31,74
31,2024-03-02T11:02:58,100
32,2024-03-02T11:46:52,82
33,2024-03-02T12:36:37,6
34,2024-03-02T13:04:54,63
35,2024-03-02T13:09:27,14
36,2024-03-02T13:09:32,67
37,2024-03-02T13:15:46,4
38,2024-03-02T13:44:19,35
39,2024-03-02T13:54:13,22
40,2024-03-02T13:59:28,69
41,2024-03-02T18:58:12,48
42,2024-03-02T19:09:24,51
43,2024-03-02T20:49:52,9
44,2024-03-02T20:50:49,17
45,2024-03-02T21:03:49,88
46,2024-03-02T21:42:25,79
47,2024-03-02T22:02:38,59
48,2024-03-02T22:20:10,2
49,2024-03-02T23:24:14,16
50,2024-03-03T11:01:34,63
51,2024-03-03T11:09:39,59
52,2024-03-03T11:15:44,88
53,2024-03-03T11:26:58,4
54,2024-03-03T11:32:59,92
55,2024-03-03T11:44:09,34
56,2024-03-03T12:31:57,82
57,2024-03-03T12:36:08,42
58,2024-03-03T12:50:35,56
59,2024-03-03T12:59:50,79
60,2024-03-03T13:04:01,55
61,2024-03-03T13:19:10,64
62,2024-03-03T13:19:57,97
63,2024-03-03T13:37:40,32
64,2024-03-03T13:47:53,37
65,2024-03-03T17:44:27,76
66,2024-03-03T20:22:57,45
67,2024-03-03T21:15:06,27
68,2024-03-03T22:38:06,94
69,2024-03-03T23:03:10,84
70,2024-03-03T23:17:51,19
71,2024-03-03T23:28:47,95
72,2024-03-04T11:17:07,22
73,2024-03-04T11:35:53,77
74,2024-03-04T11:39:20,60
75,2024-03-04T11:39:49,65
76,2024-03-04T12:24:50,81
77,2024-03-04T12:38:15,67
78,2024-03-04T13:33:23,26
79,2024-03-04T13:37:15,61
80,2024-03-04T13:44:11,88
81,2024-03-04T13:56:37,19
82,2024-03-04T17:08:04,50
83,2024-03-04T17:48:51,35
84,2024-03-04T19:02:24,95
85,2024-03-04T19:25:00,6
86,2024-03-04T20:33:55,84
87,2024-03-05T11:13:04,99
88,2024-03-05T11:21:50,51
89,2024-03-05T11:21:57,90
90,2024-03-05T11:24:34,43
91,2024-03-05T11:37:29,41
92,2024-03-05T11:42:46,86
93,2024-03-05T12:41:25,46
94,2024-03-05T12:43:16,12
95,2024-03-05T13:11:00,49
96,2024-03-05T13:18:32,97
97,2024-03-05T13:28:15,74
98,2024-03-05T13:28:56,27
99,2024-03-05T13:38:53,70
100,2024-03-05T17:39:22,92
101,2024-03-05T18:04:20,81
102,2024-03-05T18:05:28,2
103,2024-03-05T18:10:25,71
104,2024-03-05T18:23:24,11
105,2024-03-05T19:11:50,62
106,2024-03-05T20:00:35,83
107,2024-03-05T20:11:07,4
108,2024-03-05T20:18:54,58
109,2024-03-05T20:51:37,69
110,2024-03-05T21:26:41,52
111,2024-03-05T22:01:41,78
112,2024-03-05T23:05:24,66
113,2024-03-05T23:08:43,64
114,2024-03-05T23:09:11,39
115,2024-03-05T23:25:26,65
116,2024-03-05T23:38:50,53
117,2024-03-06T11:16:45,22
118,2024-03-06T11:57:06,47
119,2024-03-06T12:02:16,92
120,2024-03-06T13:02:14,64
121,2024-03-06T13:45:19,30
122,2024-03-06T17:59:44,99
123,2024-03-06T18:09:52,45
124,2024-03-06T18:45:16,90
125,2024-03-06T18:50:19,76
126,2024-03-06T19:00:11,93
127,2024-03-06T19:22:48,28
128,2024-03-06T19:47:18,26
129,2024-03-06T20:23:02,41
130,2024-03-06T21:08:49,84
131,2024-03-06T21:41:07,100
132,2024-03-06T23:08:09,59
133,2024-03-06T23:51:38,70
134,2024-03-06T23:58:07,52
135,2024-03-07T11:25:40,80
136,2024-03-07T11:31:51,46
137,2024-03-07T11:32:11,18
138,2024-03-07T11:49:16,22
139,2024-03-07T11:54:53,73
140,2024-03-07T11:58:58,62
141,2024-03-07T12:31:07,47
142,2024-03-07T12:54:59,3
143,2024-03-07T13:29:46,11
144,2024-03-07T13:30:52,57
145,2024-03-07T13:39:58,51
146,2024-03-07T17:49:09,17
147,2024-03-07T18:13:27,75
148,2024-03-07T19:10:09,20
149,2024-03-07T20:04:28,4
150,2024-03-07T21:24:11,61
151,2024-03-07T21:30:44,13
152,2024-03-07T22:34:49,59
153,2024-03-07T22:56:30,8
154,2024-03-07T23:55:22,97
155,2024-03-08T11:01:32,72
156,2024-03-08T11:10:59,61
157,2024-03-08T11:11:12,4
158,2024-03-08T11:27:25,53
159,2024-03-08T11:32:42,8
160,2024-03-08T11:46:59,91
161,2024-03-08T11:55:21,10
162,2024-03-08T12:26:12,32
163,2024-03-08T12:56:50,44
164,2024-03-08T13:05:33,81
165,2024-03-08T13:06:35,3
166,2024-03-08T13:23:11,27
167,2024-03-08T13:29:33,92
168,2024-03-08T13:35:40,2
169,2024-03-08T13:35:41,16
170,2024-03-08T13:53:07,83
171,2024-03-08T18:31:40,96
172,2024-03-08T18:35:15,50
173,2024-03-08T19:01:40,30
174,2024-03-08T19:11:28,63
175,2024-03-08T19:49:07,14
176,2024-03-08T20:09:11,9
177,2024-03-08T21:16:39,97
178,2024-03-08T21:31:32,34
179,2024-03-08T21:53:30,35
180,2024-03-08T22:23:34,47
181,2024-03-08T23:00:39,80
182,2024-03-08T23:32:10,38
183,2024-03-08T23:34:32,29
184,2024-03-09T11:02:16,18
185,2024-03-09T11:15:38,53
186,2024-03-09T11:26:36,44
187,2024-03-09T11:31:25,70
188,2024-03-09T11:35:49,35
189,2024-03-09T11:36:39,15
190,2024-03-09T12:37:44,16
191,2024-03-09T12:48:53,1
192,2024-03-09T13:25:03,38
193,2024-03-09T13:37:25,32
194,2024-03-09T18:23:31,98
195,2024-03-09T19:19:24,61
196,2024-03-09T19:39:02,41
197,2024-03-09T20:02:59,33
198,2024-03-09T21:14:32,96
199,2024-03-09T21:44:58,6
200,2024-03-09T21:47:29,5
201,2024-03-09T21:53:28,80
202,2024-03-09T21:59:51,79
203,2024-03-09T22:00:28,37
204,2024-03-09T22:38:55,71
205,2024-03-09T22:44:46,28
206,2024-03-09T22:46:10,60
207,2024-03-09T23:15:35,21
208,2024-03-09T23:16:58,22
209,2024-03-10T12:10:19,73
210,2024-03-10T12:27:14,47
211,2024-03-10T12:28:07,5
212,2024-03-10T12:45:25,71
213,2024-03-10T12:51:37,20
214,2024-03-10T13:05:35,98
215,2024-03-10T13:05:54,24
216,2024-03-10T13:37:37,2
217,2024-03-10T13:45:31,46
218,2024-03-10T18:34:23,19
219,2024-03-10T18:35:56,66
220,2024-03-10T20:31:28,32
221,2024-03-10T21:57:17,12
222,2024-03-10T22:20:34,82
223,2024-03-10T22:32:27,67
224,2024-03-10T22:37:34,70
225,2024-03-10T22:44:55,16
226,2024-03-11T11:02:16,56
227,2024-03-11T11:03:09,74
228,2024-03-11T11:11:25,59
229,2024-03-11T11:45:28,80
230,2024-03-11T11:54:29,33
231,2024-03-11T12:33:20,83
232,2024-03-11T12:42:24,35
233,2024-03-11T13:17:04,99
234,2024-03-11T13:28:56,96
235,2024-03-11T13:38:23,78
236,2024-03-11T13:44:43,15
237,2024-03-11T13:50:18,46
238,2024-03-11T17:23:16,9
239,2024-03-11T18:07:39,69
240,2024-03-11T18:31:41,67
241,2024-03-11T19:13:30,28
242,2024-03-11T19:46:09,25
243,2024-03-11T19:47:25,71
244,2024-03-11T23:11:15,47
245,2024-03-11T23:12:31,77
246,2024-03-11T23:22:28,8
247,2024-03-11T23:25:12,50
248,2024-03-12T11:05:23,64
249,2024-03-12T11:17:11,39
250,2024-03-12T11:32:50,26
251,2024-03-12T11:42:30,61
252,2024-03-12T11:50:54,51
253,2024-03-12T12:16:45,68
254,2024-03-12T12:19:59,21
255,2024-03-12T12:29:21,95
256,2024-03-12T12:30:49,58
257,2024-03-12T12:31:11,11
258,2024-03-12T12:37:44,3
259,2024-03-12T12:37:47,50
260,2024-03-12T12:53:52,38
261,2024-03-12T12:56:39,47
262,2024-03-12T13:13:20,10
263,2024-03-12T13:26:54,23
264,2024-03-12T13:29:34,85
265,2024-03-12T17:25:52,42
266,2024-03-12T17:34:57,17
267,2024-03-12T18:02:47,49
268,2024-03-12T18:09:39,72
269,2024-03-12T20:02:18,83
270,2024-03-12T22:24:11,29
271,2024-03-12T23:22:52,97
272,2024-03-13T11:23:11,58
273,2024-03-13T11:27:24,13
274,2024-03-13T11:57:01,45
275,2024-03-13T12:02:49,52
276,2024-03-13T13:01:54,28
277,2024-03-13T13:30:56,84
278,2024-03-13T13:55:14,7
279,2024-03-13T17:16:07,75
280,2024-03-13T17:44:48,99
281,2024-03-13T18:21:50,76
282,2024-03-13T18:30:07,5
283,2024-03-13T20:55:59,44
284,2024-03-13T20:58:15,18
285,2024-03-13T23:06:33,53
286,2024-03-13T23:39:47,95
287,2024-03-14T11:19:58,6
288,2024-03-14T11:43:32,20
289,2024-03-14T12:20:06,36
290,2024-03-14T12:21:14,83
291,2024-03-14T12:27:59,38
292,2024-03-14T12:58:37,65
293,2024-03-14T13:05:38,31
294,2024-03-14T13:09:30,2
295,2024-03-14T13:13:11,3
296,2024-03-14T13:21:17,89
297,2024-03-14T13:27:19,80
298,2024-03-14T13:28:58,62
299,2024-03-14T13:38:51,39
300,2024-03-14T17:46:15,57
301,2024-03-14T17:51:21,54
302,2024-03-14T18:40:07,33
303,2024-03-14T21:34:07,28
304,2024-03-14T21:53:47,32
305,2024-03-14T23:32:46,76
306,2024-03-15T11:01:16,90
307,2024-03-15T12:14:09,98
308,2024-03-15T12:27:38,91
309,2024-03-15T12:43:28,82
310,2024-03-15T12:48:52,73
311,2024-03-15T13:34:09,13
312,2024-03-15T13:34:19,65
313,2024-03-15T13:36:59,66
314,2024-03-15T17:40:52,2
315,2024-03-15T18:31:08,24
316,2024-03-15T18:38:21,17
317,2024-03-15T19:13:25,16
318,2024-03-15T19:27:05,94
319,2024-03-15T19:28:59,62
320,2024-03-15T19:55:22,8
321,2024-03-15T20:20:57,78
322,2024-03-15T21:33:38,59
323,2024-03-15T21:48:26,99
324,2024-03-15T21:51:57,51
325,2024-03-15T23:49:44,47
326,2024-03-16T11:17:08,52
327,2024-03-16T11:43:51,7
328,2024-03-16T11:56:21,17
329,2024-03-16T12:12:32,78
330,2024-03-16T12:13:39,85
331,2024-03-16T12:30:28,62
332,2024-03-16T12:34:12,91
333,2024-03-16T12:48:12,55
334,2024-03-16T12:49:54,95
335,2024-03-16T12:55:54,97
336,2024-03-16T13:00:00,75
337,2024-03-16T13:10:51,57
338,2024-03-16T13:15:24,12
339,2024-03-16T13:23:52,79
340,2024-03-16T13:43:35,9
341,2024-03-16T17:25:37,23
342,2024-03-16T18:18:48,89
343,2024-03-16T18:44:41,11
344,2024-03-16T18:52:00,39
345,2024-03-16T18:52:48,100
346,2024-03-16T20:19:43,16
347,2024-03-16T20:25:20,45
348,2024-03-16T20:36:05,34
349,2024-03-16T20:58:02,69
350,2024-03-16T21:36:34,1
351,2024-03-16T23:12:20,61
352,2024-03-17T11:07:57,79
353,2024-03-17T11:19:43,69
354,2024-03-17T11:27:53,33
355,2024-03-17T11:29:40,19
356,2024-03-17T12:06:34,38
357,2024-03-17T12:53:48,47
358,2024-03-17T13:01:58,75
359,2024-03-17T17:12:41,95
360,2024-03-17T18:49:10,29
361,2024-03-17T20:25:47,23
362,2024-03-17T20:31:47,18
363,2024-03-17T20:33:38,37
364,2024-03-17T20:47:48,68
365,2024-03-17T21:09:12,85
366,2024-03-17T21:18:21,66
367,2024-03-17T21:34:38,20
368,2024-03-17T21:42:49,57
369,2024-03-17T21:45:39,97
370,2024-03-17T21:57:15,65
371,2024-03-17T21:57:23,61
372,2024-03-17T22:21:49,54
373,2024-03-17T22:24:59,53
374,2024-03-17T22:38:18,4
375,2024-03-17T22:43:22,22
376,2024-03-17T22:55:59,77
377,2024-03-17T23:53:40,67
378,2024-03-18T11:01:52,95
379,2024-03-18T11:03:24,51
380,2024-03-18T11:41:14,68
381,2024-03-18T11:59:46,70
382,2024-03-18T12:30:11,100
383,2024-03-18T12:41:01,77
384,2024-03-18T12:54:39,72
385,2024-03-18T13:46:46,69
386,2024-03-18T13:53:44,45
387,2024-03-18T19:16:07,38
388,2024-03-18T19:36:02,20
389,2024-03-18T21:07:33,97
390,2024-03-18T21:22:25,92
391,2024-03-18T22:39:22,32
392,2024-03-18T23:39:40,9
393,2024-03-19T11:13:19,40
394,2024-03-19T11:27:49,22
395,2024-03-19T11:43:31,62
396,2024-03-19T11:47:03,15
397,2024-03-19T12:01:37,58
398,2024-03-19T12:32:16,63
399,2024-03-19T12:39:50,61
400,2024-03-19T12:45:14,71
401,2024-03-19T12:48:15,88
402,2024-03-19T12:52:45,89
403,2024-03-19T13:02:58,69
404,2024-03-19T13:23:11,20
405,2024-03-19T17:27:52,99
406,2024-03-19T18:11:33,38
407,2024-03-19T18:31:20,82
408,2024-03-19T19:05:17,9
409,2024-03-19T19:20:14,94
410,2024-03-19T20:01:00,92
411,2024-03-19T20:31:40,32
412,2024-03-19T20:50:24,30
413,2024-03-19T22:52:03,86
414,2024-03-19T23:17:47,14
415,2024-03-19T23:29:03,93
416,2024-03-19T23:49:34,39
417,2024-03-19T23:59:12,2
418,2024-03-20T11:02:32,100
419,2024-03-20T11:03:35,12
420,2024-03-20T11:12:15,79
421,2024-03-20T11:30:21,76
422,2024-03-20T11:44:51,50
423,2024-03-20T12:00:21,24
424,2024-03-20T12:26:39,17
425,2024-03-20T12:28:51,42
426,2024-03-20T12:37:50,60
427,2024-03-20T12:42:35,15
428,2024-03-20T13:01:57,43
429,2024-03-20T13:14:27,21
430,2024-03-20T13:18:55,92
431,2024-03-20T13:22:15,77
432,2024-03-20T13:33:57,23
433,2024-03-20T13:34:23,95
434,2024-03-20T13:59:06,64
435,2024-03-20T17:11:29,29
436,2024-03-20T18:52:37,73
437,2024-03-20T19:01:28,81
438,2024-03-20T19:25:23,2
439,2024-03-20T20:37:41,6
440,2024-03-20T20:41:21,98
441,2024-03-20T21:36:57,57
442,2024-03-20T22:19:43,19
443,2024-03-20T23:18:17,1
444,2024-03-21T11:58:48,20
445,2024-03-21T12:02:49,100
446,2024-03-21T12:29:05,18
447,2024-03-21T12:46:11,50
448,2024-03-21T13:25:09,90
449,2024-03-21T13:46:29,77
450,2024-03-21T18:47:50,49
451,2024-03-21T20:40:24,62
452,2024-03-21T20:45:27,45
453,2024-03-21T21:07:40,30
454,2024-03-21T23:10:57,23
455,2024-03-21T23:24:01,92
456,2024-03-22T11:14:41,58
457,2024-03-22T11:15:25,42
458,2024-03-22T11:52:40,40
459,2024-03-22T11:57:43,92
460,2024-03-22T12:20:27,86
461,2024-03-22T12:33:19,69
462,2024-03-22T12:51:36,46
463,2024-03-22T12:55:25,97
464,2024-03-22T13:01:57,39
465,2024-03-22T13:08:06,1
466,2024-03-22T13:44:56,88
467,2024-03-22T18:18:02,21
468,2024-03-22T18:42:37,85
469,2024-03-22T20:47:01,64
470,2024-03-22T23:23:10,56
471,2024-03-22T23:42:16,12
472,2024-03-23T11:34:35,2
473,2024-03-23T12:27:59,43
474,2024-03-23T12:38:02,48
475,2024-03-23T12:49:34,45
476,2024-03-23T13:46:40,17
477,2024-03-23T19:27:12,69
478,2024-03-23T20:00:13,37
479,2024-03-23T20:58:52,27
480,2024-03-23T21:11:44,71
481,2024-03-23T21:59:15,47
482,2024-03-23T23:30:10,64
483,2024-03-24T11:09:43,89
484,2024-03-24T11:20:15,97
485,2024-03-24T12:22:37,46
486,2024-03-24T12:53:25,29
487,2024-03-24T12:56:40,54
488,2024-03-24T13:18:22,33
489,2024-03-24T13:44:53,96
490,2024-03-24T18:42:19,39
491,2024-03-24T18:56:10,67
492,2024-03-24T19:55:02,78
493,2024-03-24T20:55:20,36
494,2024-03-24T21:54:52,61
495,2024-03-24T22:55:51,70
496,2024-03-25T11:25:15,82
497,2024-03-25T11:40:16,98
498,2024-03-25T12:04:11,38
499,2024-03-25T13:17:22,4
500,2024-03-25T13:47:06,99
501,2024-03-25T13:52:23,100
502,2024-03-25T13:56:33,84
503,2024-03-25T19:17:17,71
504,2024-03-25T20:01:04,27
505,2024-03-25T20:58:27,85
506,2024-03-25T23:19:26,50
507,2024-03-26T11:08:48,92
508,2024-03-26T11:22:04,41
509,2024-03-26T11:51:26,78
510,2024-03-26T13:11:28,5
511,2024-03-26T13:26:33,13
512,2024-03-26T17:07:33,37
513,2024-03-26T17:54:57,97
514,2024-03-26T18:03:30,70
515,2024-03-26T18:57:26,48
516,2024-03-26T21:35:08,56
517,2024-03-26T23:09:57,14
518,2024-03-27T11:05:26,61
519,2024-03-27T11:22:35,9
520,2024-03-27T12:31:10,51
521,2024-03-27T12:33:48,31
522,2024-03-27T12:59:10,26
523,2024-03-27T13:17:30,7
524,2024-03-27T17:49:33,58
525,2024-03-27T21:09:37,94
526,2024-03-27T21:46:26,2
527,2024-03-27T22:01:55,72
528,2024-03-27T22:02:01,14
529,2024-03-27T23:02:41,13
530,2024-03-27T23:51:29,29
531,2024-03-27T23:56:38,18
532,2024-03-28T11:01:02,32
533,2024-03-28T11:28:15,31
534,2024-03-28T11:59:30,14
535,2024-03-28T12:05:52,45
536,2024-03-28T12:06:01,40
537,2024-03-28T13:06:38,59
538,2024-03-28T13:15:02,61
539,2024-03-28T13:19:30,1
540,2024-03-28T13:52:17,23
541,2024-03-28T18:12:56,98
542,2024-03-28T18:32:26,94
543,2024-03-28T18:40:46,25
544,2024-03-28T18:57:25,39
545,2024-03-28T19:05:05,9
546,2024-03-28T20:01:22,17
547,2024-03-28T20:04:26,78
548,2024-03-28T20:07:43,58
549,2024-03-28T20:16:11,89
550,2024-03-28T20:31:42,21
551,2024-03-28T20:32:30,44
552,2024-03-28T22:07:56,48
553,2024-03-28T22:08:44,99
554,2024-03-28T23:08:50,18
555,2024-03-28T23:48:28,43
556,2024-03-29T11:00:00,99
557,2024-03-29T11:15:25,15
558,2024-03-29T11:20:27,88
559,2024-03-29T11:26:48,90
560,2024-03-29T11:50:18,11
561,2024-03-29T11:55:56,6
562,2024-03-29T12:29:48,71
563,2024-03-29T12:34:04,42
564,2024-03-29T13:28:14,62
565,2024-03-29T13:33:34,89
566,2024-03-29T17:11:53,53
567,2024-03-29T17:31:16,30
568,2024-03-29T18:00:03,9
569,2024-03-29T18:27:09,45
570,2024-03-29T18:51:17,31
571,2024-03-29T18:54:40,34
572,2024-03-29T18:54:58,51
573,2024-03-29T18:57:52,4
574,2024-03-29T20:34:18,59
575,2024-03-29T21:31:21,49
576,2024-03-30T11:11:28,83
577,2024-03-30T11:34:28,30
578,2024-03-30T12:20:05,52
579,2024-03-30T12:38:54,17
580,2024-03-30T13:12:20,58
581,2024-03-30T13:22:20,4
582,2024-03-30T13:33:14,1
583,2024-03-30T13:57:39,50
584,2024-03-30T19:36:58,47
585,2024-03-30T19:38:01,56
586,2024-03-30T20:03:31,77
587,2024-03-30T20:12:44,59
588,2024-03-30T21:38:27,76
589,2024-03-30T22:31:09,49
590,2024-03-31T11:19:31,96
591,2024-03-31T11:19:59,77
592,2024-03-31T11:31:23,22
593,2024-03-31T11:36:50,37
594,2024-03-31T11:40:06,44
595,2024-03-31T11:52:05,36
596,2024-03-31T11:59:53,88
597,2024-03-31T12:22:56,57
598,2024-03-31T12:39:48,86
599,2024-03-31T12:41:19,87
600,2024-03-31T13:00:04,7
601,2024-03-31T13:11:39,50
602,2024-03-31T13:30:50,97
603,2024-03-31T17:06:23,38
604,2024-03-31T17:30:49,73
605,2024-03-31T20:36:34,61
606,2024-03-31T21:02:49,6
607,2024-03-31T21:07:31,64
608,2024-03-31T21:29:06,63
609,2024-03-31T21:44:45,15
610,2024-03-31T21:46:43,26
611,2024-03-31T22:23:58,100
612,2024-03-31T23:35:26,4
613,2024-03-31T23:52:49,40
614,2024-04-01T12:25:52,25
615,2024-04-01T12:34:31,44
616,2024-04-01T13:09:48,53
617,2024-04-01T13:36:35,68
618,2024-04-01T13:51:42,61
619,2024-04-01T18:21:01,9
620,2024-04-01T18:52:34,55
621,2024-04-01T20:48:53,32
622,2024-04-01T21:06:26,52
623,2024-04-01T22:00:32,75
624,2024-04-01T22:15:46,3
625,2024-04-01T22:17:39,46
626,2024-04-02T11:31:32,21
627,2024-04-02T11:51:05,93
628,2024-04-02T11:56:03,59
629,2024-04-02T12:02:00,51
630,2024-04-02T12:02:22,86
631,2024-04-02T12:05:11,72
632,2024-04-02T12:10:14,58
633,2024-04-02T12:24:02,69
634,2024-04-02T12:51:27,8
635,2024-04-02T13:24:28,36
636,2024-04-02T13:51:20,53
637,2024-04-02T13:51:58,79
638,2024-04-02T17:23:34,61
639,2024-04-02T17:43:29,80
640,2024-04-02T19:15:49,17
641,2024-04-02T19:29:38,100
642,2024-04-02T19:32:33,62
643,2024-04-02T20:28:23,15
644,2024-04-02T21:47:45,38
645,2024-04-02T21:54:08,14
646,2024-04-02T22:00:41,30
647,2024-04-02T22:17:24,32
648,2024-04-02T22:45:13,52
649,2024-04-02T23:41:21,12
650,2024-04-02T23:58:26,98
651,2024-04-03T11:36:35,4
652,2024-04-03T12:00:00,15
653,2024-04-03T12:05:04,89
654,2024-04-03T12:07:05,97
655,2024-04-03T12:15:53,13
656,2024-04-03T12:21:00,27
657,2024-04-03T12:26:31,91
658,2024-04-03T12:36:45,86
659,2024-04-03T13:05:26,93
660,2024-04-03T13:44:19,58
661,2024-04-03T17:50:38,49
662,2024-04-03T18:03:36,52
663,2024-04-03T20:01:58,16
664,2024-04-03T20:40:31,3
665,2024-04-03T21:23:36,78
666,2024-04-03T22:00:53,92
667,2024-04-04T11:20:40,77
668,2024-04-04T11:22:12,83
669,2024-04-04T11:24:19,19
670,2024-04-04T11:26:50,74
671,2024-04-04T11:29:07,58
672,2024-04-04T11:50:42,13
673,2024-04-04T12:12:53,5
674,2024-04-04T12:14:12,36
675,2024-04-04T12:18:38,92
676,2024-04-04T12:27:10,94
677,2024-04-04T12:30:53,46
678,2024-04-04T12:36:39,8
679,2024-04-04T12:41:57,40
680,2024-04-04T12:44:39,2
681,2024-04-04T13:00:39,4
682,2024-04-04T13:02:46,88
683,2024-04-04T13:13:30,56
684,2024-04-04T13:16:09,67
685,2024-04-04T13:25:31,82
686,2024-04-04T13:25:33,34
687,2024-04-04T13:52:08,50
688,2024-04-04T13:54:57,15
689,2024-04-04T17:35:55,16
690,2024-04-04T17:49:31,42
691,2024-04-04T18:50:24,47
692,2024-04-04T19:59:27,18
693,2024-04-04T22:36:47,39
694,2024-04-04T22:54:05,12
695,2024-04-04T23:16:17,64
696,2024-04-04T23:21:08,11
697,2024-04-05T11:31:46,65
698,2024-04-05T11:33:50,5
699,2024-04-05T11:43:36,85
700,2024-04-05T12:03:27,95
701,2024-04-05T12:06:15,77
702,2024-04-05T12:12:41,21
703,2024-04-05T12:59:44,24
704,2024-04-05T13:02:42,33
705,2024-04-05T13:33:25,15
706,2024-04-05T13:35:56,34
707,2024-04-05T13:42:13,80
708,2024-04-05T13:43:27,68
709,2024-04-05T13:56:18,22
710,2024-04-05T17:19:31,38
711,2024-04-05T17:27:47,59
712,2024-04-05T17:45:06,60
713,2024-04-05T17:50:24,10
714,2024-04-05T18:59:45,64
715,2024-04-05T19:22:56,14
716,2024-04-05T19:46:33,7
717,2024-04-05T20:17:01,72
718,2024-04-05T22:26:03,27
719,2024-04-05T22:37:02,88
720,2024-04-05T22:46:50,69
721,2024-04-05T23:03:53,63
722,2024-04-05T23:25:24,46
723,2024-04-06T11:11:15,21
724,2024-04-06T11:11:49,1
725,2024-04-06T11:15:34,83
726,2024-04-06T11:54:14,51
727,2024-04-06T12:01:22,99
728,2024-04-06T12:08:40,23
729,2024-04-06T12:14:44,61
730,2024-04-06T12:20:35,63
731,2024-04-06T13:14:13,37
732,2024-04-06T13:14:18,3
733,2024-04-06T13:19:57,47
734,2024-04-06T13:44:03,57
735,2024-04-06T13:57:26,43
736,2024-04-06T17:26:15,97
737,2024-04-06T18:10:40,22
738,2024-04-06T19:34:08,79
739,2024-04-06T20:32:00,73
740,2024-04-06T20:34:24,27
741,2024-04-06T20:42:34,30
742,2024-04-06T20:44:20,6
743,2024-04-06T21:35:26,91
744,2024-04-06T21:49:30,16
745,2024-04-06T21:56:35,38
746,2024-04-06T22:49:39,86
747,2024-04-06T22:55:25,2
748,2024-04-06T22:55:49,82
749,2024-04-06T23:25:59,46
750,2024-04-06T23:35:17,59
751,2024-04-07T11:03:16,99
752,2024-04-07T11:11:15,82
753,2024-04-07T11:13:22,28
754,2024-04-07T11:14:10,73
755,2024-04-07T11:16:03,55
756,2024-04-07T11:31:18,54
757,2024-04-07T11:33:22,40
758,2024-04-07T11:44:37,88
759,2024-04-07T11:49:55,80
760,2024-04-07T12:06:36,89
761,2024-04-07T12:21:26,63
762,2024-04-07T12:43:23,94
763,2024-04-07T12:46:14,56
764,2024-04-07T12:57:12,61
765,2024-04-07T17:18:43,30
766,2024-04-07T17:27:41,64
767,2024-04-07T18:20:56,41
768,2024-04-07T18:48:09,36
769,2024-04-07T19:30:25,90
770,2024-04-07T19:51:22,2
771,2024-04-07T20:32:51,13
772,2024-04-07T20:42:14,92
773,2024-04-07T20:54:48,49
774,2024-04-07T21:28:07,100
775,2024-04-07T22:06:57,51
776,2024-04-07T22:58:10,23
777,2024-04-07T23:13:53,25
778,2024-04-07T23:35:49,34
779,2024-04-08T11:09:30,8
780,2024-04-08T12:12:14,48
781,2024-04-08T12:42:34,94
782,2024-04-08T13:04:21,95
783,2024-04-08T13:13:35,21
784,2024-04-08T13:52:48,5
785,2024-04-08T13:54:50,69
786,2024-04-08T17:07:13,17
787,2024-04-08T17:30:12,68
788,2024-04-08T17:35:02,100
789,2024-04-08T18:19:38,62
790,2024-04-08T19:35:19,15
791,2024-04-08T20:06:42,36
792,2024-04-08T20:52:07,88
793,2024-04-08T21:35:05,41
794,2024-04-08T22:57:59,16
795,2024-04-09T11:10:57,99
796,2024-04-09T11:24:09,98
797,2024-04-09T11:34:27,8
798,2024-04-09T12:02:06,95
799,2024-04-09T12:08:40,24
800,2024-04-09T13:08:24,27
801,2024-04-09T17:20:07,28
802,2024-04-09T18:06:07,94
803,2024-04-09T18:41:55,36
804,2024-04-09T19:50:32,83
805,2024-04-09T21:30:46,11
806,2024-04-10T11:16:05,79
807,2024-04-10T11:27:14,45
808,2024-04-10T12:01:29,36
809,2024-04-10T12:04:06,84
810,2024-04-10T12:16:41,10
811,2024-04-10T12:47:00,74
812,2024-04-10T12:54:01,81
813,2024-04-10T13:10:55,62
814,2024-04-10T13:18:52,82
815,2024-04-10T13:19:39,98
816,2024-04-10T13:24:44,42
817,2024-04-10T13:40:44,58
818,2024-04-10T13:43:30,28
819,2024-04-10T13:46:59,25
820,2024-04-10T13:51:59,52
821,2024-04-10T17:00:14,8
822,2024-04-10T19:00:43,59
823,2024-04-10T19:38:09,17
824,2024-04-10T20:16:32,7
825,2024-04-10T20:20:30,53
826,2024-04-10T21:06:03,3
827,2024-04-10T21:48:53,44
828,2024-04-10T22:47:26,13
829,2024-04-10T23:04:32,94
830,2024-04-10T23:24:08,47
831,2024-04-10T23:38:14,24
832,2024-04-10T23:51:33,63
833,2024-04-10T23:54:59,41
834,2024-04-11T11:02:22,87
835,2024-04-11T11:04:19,63
836,2024-04-11T11:27:54,89
837,2024-04-11T11:29:00,43
838,2024-04-11T12:32:17,84
839,2024-04-11T12:48:25,30
840,2024-04-11T12:52:48,9
841,2024-04-11T13:03:51,39
842,2024-04-11T13:26:25,44
843,2024-04-11T13:32:44,4
844,2024-04-11T17:16:28,16
845,2024-04-11T17:22:26,74
846,2024-04-11T18:07:02,70
847,2024-04-11T19:11:56,32
848,2024-04-11T19:18:28,95
849,2024-04-11T19:44:32,12
850,2024-04-11T21:38:08,59
851,2024-04-11T21:53:40,7
852,2024-04-12T11:33:25,26
853,2024-04-12T11:47:49,5
854,2024-04-12T11:51:50,56
855,2024-04-12T12:10:58,100
856,2024-04-12T13:25:48,9
857,2024-04-12T13:27:33,59
858,2024-04-12T13:34:25,62
859,2024-04-12T18:23:32,61
860,2024-04-12T18:46:31,40
861,2024-04-12T21:08:09,60
862,2024-04-12T21:08:48,70
863,2024-04-12T21:50:37,93
864,2024-04-12T23:14:20,89
865,2024-04-13T11:25:20,57
866,2024-04-13T11:50:54,59
867,2024-04-13T11:52:36,54
868,2024-04-13T11:59:04,86
869,2024-04-13T11:59:26,8
870,2024-04-13T12:07:53,48
871,2024-04-13T12:12:16,11
872,2024-04-13T12:24:22,70
873,2024-04-13T12:44:06,56
874,2024-04-13T12:46:48,65
875,2024-04-13T12:47:30,17
876,2024-04-13T12:49:15,99
877,2024-04-13T13:44:09,35
878,2024-04-13T13:53:54,2
879,2024-04-13T17:33:18,94
880,2024-04-13T18:20:33,93
881,2024-04-13T18:31:35,43
882,2024-04-13T19:00:48,42
883,2024-04-13T19:13:10,32
884,2024-04-13T19:15:58,49
885,2024-04-13T20:03:42,29
886,2024-04-13T20:11:23,100
887,2024-04-13T20:44:04,1
888,2024-04-13T23:09:04,96
889,2024-04-13T23:18:03,47
890,2024-04-14T11:27:09,74
891,2024-04-14T11:28:24,68
892,2024-04-14T11:30:06,39
893,2024-04-14T11:34:07,77
894,2024-04-14T11:39:41,29
895,2024-04-14T12:00:06,31
896,2024-04-14T12:36:38,24
897,2024-04-14T13:07:57,44
898,2024-04-14T13:09:04,8
899,2024-04-14T13:10:12,50
900,2024-04-14T13:18:21,16
901,2024-04-14T13:43:05,7
902,2024-04-14T13:54:08,18
903,2024-04-14T17:19:58,37
904,2024-04-14T17:48:15,30
905,2024-04-14T17:57:06,15
906,2024-04-14T18:16:34,66
907,2024-04-14T18:58:33,13
908,2024-04-14T19:26:33,41
909,2024-04-14T19:48:06,9
910,2024-04-14T21:53:52,6
911,2024-04-14T22:56:23,3
912,2024-04-14T23:01:18,95
913,2024-04-14T23:25:06,58
914,2024-04-14T23:33:51,19
915,2024-04-15T11:13:11,81
916,2024-04-15T11:13:47,33
917,2024-04-15T11:20:09,49
918,2024-04-15T11:21:34,32
919,2024-04-15T11:31:04,65
920,2024-04-15T11:38:12,31
921,2024-04-15T11:49:05,86
922,2024-04-15T12:05:41,74
923,2024-04-15T12:07:37,22
924,2024-04-15T12:10:31,72
925,2024-04-15T13:19:58,56
926,2024-04-15T13:24:50,84
927,2024-04-15T13:37:47,76
928,2024-04-15T13:38:12,7
929,2024-04-15T13:57:37,97
930,2024-04-15T13:57:39,19
931,2024-04-15T17:06:28,24
932,2024-04-15T17:07:38,82
933,2024-04-15T17:37:24,46
934,2024-04-15T18:24:20,48
935,2024-04-15T19:15:41,73
936,2024-04-15T19:16:55,20
937,2024-04-15T20:06:03,80
938,2024-04-15T20:18:01,4
939,2024-04-15T21:26:01,8
940,2024-04-15T22:32:50,96
941,2024-04-15T22:42:59,85
942,2024-04-15T23:27:12,18
943,2024-04-15T23:36:30,43
944,2024-04-16T11:50:37,46
945,2024-04-16T13:58:49,98
946,2024-04-16T17:01:05,10
947,2024-04-16T18:31:03,5
948,2024-04-16T19:10:44,8
949,2024-04-16T20:18:12,64
950,2024-04-16T20:37:10,49
951,2024-04-16T20:50:42,53
952,2024-04-16T21:42:43,38
953,2024-04-16T22:51:05,6
954,2024-04-16T23:17:01,90
955,2024-04-16T23:39:13,66
956,2024-04-17T11:02:09,23
957,2024-04-17T11:32:04,92
958,2024-04-17T11:57:42,4
959,2024-04-17T12:37:59,5
960,2024-04-17T12:49:46,80
961,2024-04-17T12:52:02,18
962,2024-04-17T17:54:35,61
963,2024-04-17T17:56:20,7
964,2024-04-17T19:52:36,17
965,2024-04-17T21:09:01,29
966,2024-04-17T23:42:59,63
967,2024-04-18T11:03:44,5
968,2024-04-18T11:10:23,58
969,2024-04-18T11:27:42,76
970,2024-04-18T11:51:42,18
971,2024-04-18T11:55:08,29
972,2024-04-18T12:10:51,60
973,2024-04-18T12:26:53,16
974,2024-04-18T13:04:06,8
975,2024-04-18T13:07:04,20
976,2024-04-18T13:24:56,70
977,2024-04-18T17:25:33,28
978,2024-04-18T17:40:34,87
979,2024-04-18T18:36:33,17
980,2024-04-18T18:56:34,93
981,2024-04-18T19:06:37,68
982,2024-04-18T19:24:40,96
983,2024-04-18T20:11:25,34
984,2024-04-18T20:20:35,27
985,2024-04-18T20:52:48,69
986,2024-04-18T21:06:09,64
987,2024-04-18T22:10:34,44
988,2024-04-18T22:17:59,22
989,2024-04-18T22:40:12,67
990,2024-04-18T23:10:34,81
991,2024-04-18T23:58:41,48
992,2024-04-19T11:11:01,3
993,2024-04-19T11:56:19,54
994,2024-04-19T12:04:37,19
995,2024-04-19T12:16:44,68
996,2024-04-19T12:21:41,16
997,2024-04-19T12:36:12,71
998,2024-04-19T12:43:21,2
999,2024-04-19T12:43:49,52
1000,2024-04-19T12:52:35,48
1001,2024-04-19T13:07:10,46
1002,2024-04-19T13:11:33,17
1003,2024-04-19T13:29:16,26
1004,2024-04-19T13:39:51,24
1005,2024-04-19T13:43:50,35
1006,2024-04-19T13:46:21,40
1007,2024-04-19T17:07:56,6
1008,2024-04-19T17:19:53,90
1009,2024-04-19T17:44:29,45
1010,2024-04-19T17:52:21,78
1011,2024-04-19T19:16:26,1
1012,2024-04-19T19:41:17,84
1013,2024-04-19T20:26:53,5
1014,2024-04-19T21:03:36,74
1015,2024-04-19T21:16:34,53
1016,2024-04-19T21:48:33,8
1017,2024-04-19T22:34:43,9
1018,2024-04-20T12:00:45,71
1019,2024-04-20T12:14:11,87
1020,2024-04-20T12:22:23,59
1021,2024-04-20T12:35:39,22
1022,2024-04-20T12:42:27,63
1023,2024-04-20T12:50:24,4
1024,2024-04-20T13:12:34,20
1025,2024-04-20T13:14:23,95
1026,2024-04-20T13:32:27,84
1027,2024-04-20T13:33:36,74
1028,2024-04-20T17:03:32,48
1029,2024-04-20T17:50:47,81
1030,2024-04-20T18:00:13,86
1031,2024-04-20T18:12:07,11
1032,2024-04-20T19:22:15,3
1033,2024-04-20T20:35:47,94
1034,2024-04-20T22:35:38,30
1035,2024-04-20T23:32:47,82
1036,2024-04-20T23:57:01,24
1037,2024-04-21T11:02:47,77
1038,2024-04-21T11:03:00,34
1039,2024-04-21T11:17:06,49
1040,2024-04-21T11:25:35,28
1041,2024-04-21T11:29:48,11
1042,2024-04-21T12:30:06,84
1043,2024-04-21T12:51:29,95
1044,2024-04-21T13:06:12,29
1045,2024-04-21T13:08:26,91
1046,2024-04-21T13:38:08,31
1047,2024-04-21T17:20:03,48
1048,2024-04-21T18:10:52,55
1049,2024-04-21T18:42:30,14
1050,2024-04-21T18:56:03,62
1051,2024-04-21T22:35:07,47
1052,2024-04-21T22:56:37,53
1053,2024-04-21T23:23:55,44
1054,2024-04-22T11:04:12,40
1055,2024-04-22T11:32:00,95
1056,2024-04-22T11:34:27,88
1057,2024-04-22T11:41:02,33
1058,2024-04-22T12:24:31,91
1059,2024-04-22T12:25:51,55
1060,2024-04-22T12:40:01,28
1061,2024-04-22T13:03:07,1
1062,2024-04-22T13:26:05,89
1063,2024-04-22T13:31:11,77
1064,2024-04-22T18:19:12,7
1065,2024-04-22T20:23:41,94
1066,2024-04-22T20:51:52,52
1067,2024-04-22T21:09:38,5
1068,2024-04-22T21:34:59,14
1069,2024-04-22T21:45:45,36
1070,2024-04-22T22:07:15,41
1071,2024-04-22T22:29:23,53
1072,2024-04-23T11:24:57,29
1073,2024-04-23T11:38:57,3
1074,2024-04-23T11:39:45,40
1075,2024-04-23T11:47:26,6
1076,2024-04-23T11:50:55,28
1077,2024-04-23T12:23:20,60
1078,2024-04-23T12:27:58,61
1079,2024-04-23T12:30:21,93
1080,2024-04-23T12:42:50,64
1081,2024-04-23T13:19:39,72
1082,2024-04-23T13:22:47,78
1083,2024-04-23T13:26:02,87
1084,2024-04-23T13:49:26,73
1085,2024-04-23T17:25:54,56
1086,2024-04-23T17:45:50,65
1087,2024-04-23T17:54:11,99
1088,2024-04-23T18:19:11,49
1089,2024-04-23T18:23:11,4
1090,2024-04-23T18:48:37,89
1091,2024-04-23T19:31:29,22
1092,2024-04-23T20:25:10,62
1093,2024-04-23T20:59:51,75
1094,2024-04-23T21:27:35,17
1095,2024-04-23T22:22:19,66
1096,2024-04-23T22:56:19,63
1097,2024-04-23T22:57:34,48
1098,2024-04-23T23:43:35,47
1099,2024-04-24T11:14:38,71
1100,2024-04-24T11:46:30,58
1101,2024-04-24T11:54:50,68
1102,2024-04-24T12:17:30,85
1103,2024-04-24T12:20:46,29
1104,2024-04-24T12:33:51,17
1105,2024-04-24T12:54:09,24
1106,2024-04-24T13:34:05,13
1107,2024-04-24T13:45:50,26
1108,2024-04-24T17:03:51,76
1109,2024-04-24T17:16:21,7
1110,2024-04-24T17:30:55,64
1111,2024-04-24T17:51:51,60
1112,2024-04-24T17:55:02,54
1113,2024-04-24T18:03:55,43
1114,2024-04-24T18:08:25,66
1115,2024-04-24T18:15:52,48
1116,2024-04-24T18:26:28,77
1117,2024-04-24T18:34:47,23
1118,2024-04-24T18:51:07,67
1119,2024-04-24T19:01:05,19
1120,2024-04-24T19:27:42,84
1121,2024-04-24T20:31:18,6
1122,2024-04-24T22:09:20,100
1123,2024-04-24T22:38:52,79
1124,2024-04-24T23:22:41,9
1125,2024-04-24T23:37:10,44
1126,2024-04-24T23:41:08,40
1127,2024-04-25T11:07:45,94
1128,2024-04-25T11:20:57,56
1129,2024-04-25T11:22:17,13
1130,2024-04-25T11:43:18,18
1131,2024-04-25T11:47:49,67
1132,2024-04-25T12:00:16,46
1133,2024-04-25T13:04:10,91
1134,2024-04-25T13:04:30,96
1135,2024-04-25T13:13:26,15
1136,2024-04-25T13:18:15,89
1137,2024-04-25T17:27:59,40
1138,2024-04-25T17:44:28,69
1139,2024-04-25T18:04:43,74
1140,2024-04-25T18:07:46,55
1141,2024-04-25T19:19:40,57
1142,2024-04-25T19:24:59,53
1143,2024-04-25T19:54:33,29
1144,2024-04-25T20:09:38,64
1145,2024-04-25T20:49:16,31
1146,2024-04-25T21:04:25,90
1147,2024-04-25T21:12:53,99
1148,2024-04-25T21:16:35,97
1149,2024-04-25T21:30:34,23
1150,2024-04-25T21:42:24,43
1151,2024-04-25T22:23:42,21
1152,2024-04-25T22:35:12,61
1153,2024-04-25T23:29:04,71
1154,2024-04-25T23:38:38,100
1155,2024-04-25T23:45:09,62
1156,2024-04-25T23:58:45,83
1157,2024-04-26T11:06:49,64
1158,2024-04-26T11:37:28,39
1159,2024-04-26T12:03:27,45
1160,2024-04-26T12:05:59,56
1161,2024-04-26T12:24:25,74
1162,2024-04-26T13:34:54,95
1163,2024-04-26T13:52:17,97
1164,2024-04-26T17:28:31,61
1165,2024-04-26T17:57:42,35
1166,2024-04-26T19:08:16,24
1167,2024-04-26T20:01:01,15
1168,2024-04-26T22:07:57,28
1169,2024-04-26T22:43:03,10
1170,2024-04-27T11:00:48,60
1171,2024-04-27T11:15:19,37
1172,2024-04-27T11:21:38,50
1173,2024-04-27T12:21:07,48
1174,2024-04-27T12:23:31,100
1175,2024-04-27T12:33:40,41
1176,2024-04-27T12:37:08,46
1177,2024-04-27T12:48:57,67
1178,2024-04-27T12:51:26,81
1179,2024-04-27T12:59:40,62
1180,2024-04-27T13:11:03,44
1181,2024-04-27T13:11:48,34
1182,2024-04-27T13:12:34,70
1183,2024-04-27T17:04:21,98
1184,2024-04-27T17:25:42,3
1185,2024-04-27T19:05:40,26
1186,2024-04-27T19:14:10,1
1187,2024-04-27T19:14:28,13
1188,2024-04-27T19:35:33,7
1189,2024-04-27T19:46:50,57
1190,2024-04-27T20:17:19,15
1191,2024-04-27T20:27:19,39
1192,2024-04-27T20:52:55,42
1193,2024-04-27T21:01:17,21
1194,2024-04-27T21:20:14,72
1195,2024-04-27T21:57:01,61
1196,2024-04-27T22:34:20,24
1197,2024-04-27T22:35:26,35
1198,2024-04-27T23:14:34,43
1199,2024-04-27T23:42:43,91
1200,2024-04-28T11:00:30,74
1201,2024-04-28T11:06:13,61
1202,2024-04-28T11:22:20,31
1203,2024-04-28T11:23:03,24
1204,2024-04-28T11:23:04,4
1205,2024-04-28T11:45:28,6
1206,2024-04-28T11:59:55,77
1207,2024-04-28T12:02:55,57
1208,2024-04-28T12:06:29,18
1209,2024-04-28T12:19:15,13
1210,2024-04-28T12:52:29,28
1211,2024-04-28T13:14:47,20
1212,2024-04-28T13:25:22,90
1213,2024-04-28T13:36:33,21
1214,2024-04-28T13:54:35,96
1215,2024-04-28T13:57:58,1
1216,2024-04-28T13:59:36,30
1217,2024-04-28T17:47:23,45
1218,2024-04-28T19:01:56,85
1219,2024-04-28T19:29:15,73
1220,2024-04-28T20:03:17,38
1221,2024-04-28T20:15:03,68
1222,2024-04-28T20:25:18,99
1223,2024-04-28T21:32:13,12
1224,2024-04-28T22:08:44,46
1225,2024-04-28T22:20:42,83
1226,2024-04-28T23:54:27,95
1227,2024-04-29T11:39:28,80
1228,2024-04-29T12:06:11,49
1229,2024-04-29T12:11:00,83
1230,2024-04-29T12:21:39,59
1231,2024-04-29T12:37:54,21
1232,2024-04-29T12:45:02,40
1233,2024-04-29T12:48:50,91
1234,2024-04-29T13:01:38,26
1235,2024-04-29T13:27:16,38
1236,2024-04-29T13:27:48,48
1237,2024-04-29T13:29:50,17
1238,2024-04-29T13:39:03,47
1239,2024-04-29T17:22:06,14
1240,2024-04-29T17:50:47,25
1241,2024-04-29T17:52:40,56
1242,2024-04-29T18:05:20,68
1243,2024-04-29T18:47:49,76
1244,2024-04-29T19:03:43,45
1245,2024-04-29T19:12:26,87
1246,2024-04-29T20:40:38,97
1247,2024-04-29T20:44:23,41
1248,2024-04-29T20:46:53,62
1249,2024-04-29T20:55:33,36
1250,2024-04-29T21:07:19,85
1251,2024-04-29T21:08:54,27
1252,2024-04-29T21:26:16,4
1253,2024-04-29T21:45:47,86
1254,2024-04-29T22:40:45,37
1255,2024-04-29T23:46:04,20
1256,2024-04-30T11:00:27,76
1257,2024-04-30T11:15:48,11
1258,2024-04-30T12:12:17,80
1259,2024-04-30T12:24:43,9
1260,2024-04-30T12:27:03,6
1261,2024-04-30T12:43:16,40
1262,2024-04-30T12:44:57,5
1263,2024-04-30T12:46:30,73
1264,2024-04-30T12:46:53,85
1265,2024-04-30T12:56:38,44
1266,2024-04-30T13:38:10,1
1267,2024-04-30T13:55:11,88
1268,2024-04-30T13:56:47,82
1269,2024-04-30T17:13:35,52
1270,2024-04-30T17:26:38,46
1271,2024-04-30T18:03:35,38
1272,2024-04-30T18:48:26,60
1273,2024-04-30T18:54:24,27
1274,2024-04-30T19:17:24,66
1275,2024-04-30T19:19:56,36
1276,2024-04-30T19:30:41,24
1277,2024-04-30T20:05:18,62
1278,2024-04-30T20:37:12,70
1279,2024-04-30T21:19:03,74
1280,2024-04-30T21:56:09,37
1281,2024-04-30T23:31:40,2
1282,2024-04-30T23:32:04,7
1283,2024-05-01T11:24:56,50
1284,2024-05-01T11:31:27,65
1285,2024-05-01T11:40:31,22
1286,2024-05-01T11:45:57,38
1287,2024-05-01T11:52:17,67
1288,2024-05-01T12:13:15,78
1289,2024-05-01T12:27:23,2
1290,2024-05-01T12:30:27,72
1291,2024-05-01T12:50:14,3
1292,2024-05-01T12:51:09,58
1293,2024-05-01T13:01:00,30
1294,2024-05-01T13:03:51,64
1295,2024-05-01T13:12:24,57
1296,2024-05-01T13:19:19,62
1297,2024-05-01T13:35:56,1
1298,2024-05-01T13:44:40,40
1299,2024-05-01T13:52:10,59
1300,2024-05-01T17:02:48,93
1301,2024-05-01T18:12:36,41
1302,2024-05-01T18:53:32,29
1303,2024-05-01T19:24:30,19
1304,2024-05-01T19:40:29,48
1305,2024-05-01T20:35:46,82
1306,2024-05-01T20:49:02,36
1307,2024-05-01T21:52:35,9
1308,2024-05-01T22:07:56,69
1309,2024-05-01T22:28:53,53
1310,2024-05-02T11:07:23,52
1311,2024-05-02T11:14:02,29
1312,2024-05-02T11:52:14,75
1313,2024-05-02T11:52:49,98
1314,2024-05-02T11:53:35,85
1315,2024-05-02T12:09:42,90
1316,2024-05-02T12:09:56,78
1317,2024-05-02T12:11:18,10
1318,2024-05-02T12:17:37,57
1319,2024-05-02T12:34:27,69
1320,2024-05-02T12:40:51,16
1321,2024-05-02T13:00:35,65
1322,2024-05-02T13:07:46,20
1323,2024-05-02T13:14:25,59
1324,2024-05-02T13:31:56,70
1325,2024-05-02T13:52:31,49
1326,2024-05-02T13:56:30,77
1327,2024-05-02T17:17:11,66
1328,2024-05-02T17:23:03,50
1329,2024-05-02T17:56:51,13
1330,2024-05-02T18:28:18,86
1331,2024-05-02T18:37:13,33
1332,2024-05-02T18:58:25,87
1333,2024-05-02T19:15:52,25
1334,2024-05-02T21:00:35,11
1335,2024-05-02T21:14:28,84
1336,2024-05-02T22:21:32,95
1337,2024-05-02T22:45:13,54
1338,2024-05-02T23:32:25,83
1339,2024-05-02T23:55:41,92
1340,2024-05-03T11:12:04,46
1341,2024-05-03T11:58:14,44
1342,2024-05-03T12:12:18,56
1343,2024-05-03T12:14:34,21
1344,2024-05-03T12:49:29,30
1345,2024-05-03T13:13:05,93
1346,2024-05-03T13:13:36,6
1347,2024-05-03T13:14:22,63
1348,2024-05-03T13:33:44,52
1349,2024-05-03T17:00:59,24
1350,2024-05-03T17:52:27,5
1351,2024-05-03T18:24:10,15
1352,2024-05-03T18:39:41,47
1353,2024-05-03T20:24:21,1
1354,2024-05-03T21:24:52,68
1355,2024-05-03T21:44:42,92
1356,2024-05-03T21:53:37,70
1357,2024-05-03T22:32:56,29
1358,2024-05-03T23:37:24,80
1359,2024-05-03T23:48:20,26
1360,2024-05-04T11:05:15,33
1361,2024-05-04T11:25:19,80
1362,2024-05-04T11:59:07,34
1363,2024-05-04T12:25:38,99
1364,2024-05-04T12:33:45,8
1365,2024-05-04T12:38:34,29
1366,2024-05-04T13:15:38,14
1367,2024-05-04T17:02:13,30
1368,2024-05-04T17:49:11,7
1369,2024-05-04T18:08:11,90
1370,2024-05-04T18:16:08,81
1371,2024-05-04T18:59:02,3
1372,2024-05-04T22:54:14,58
1373,2024-05-04T23:25:12,79
1374,2024-05-04T23:53:42,70
1375,2024-05-05T11:59:34,18
1376,2024-05-05T12:23:41,80
1377,2024-05-05T12:25:55,4
1378,2024-05-05T12:26:01,8
1379,2024-05-05T12:58:21,47
1380,2024-05-05T13:27:26,9
1381,2024-05-05T13:53:53,6
1382,2024-05-05T17:09:56,89
1383,2024-05-05T17:10:25,90
1384,2024-05-05T17:46:08,34
1385,2024-05-05T20:32:53,83
1386,2024-05-05T20:35:50,46
1387,2024-05-05T20:42:24,30
1388,2024-05-05T21:07:33,56
1389,2024-05-05T22:00:07,15
1390,2024-05-05T22:46:00,95
1391,2024-05-05T23:59:57,59
1392,2024-05-06T11:06:27,93
1393,2024-05-06T12:39:04,7
1394,2024-05-06T12:47:14,28
1395,2024-05-06T13:59:35,10
1396,2024-05-06T17:33:56,19
1397,2024-05-06T18:22:49,48
1398,2024-05-06T19:07:02,30
1399,2024-05-06T20:17:27,74
1400,2024-05-06T20:24:40,99
1401,2024-05-06T21:36:43,70
1402,2024-05-06T22:15:47,24
1403,2024-05-06T22:59:21,80
1404,2024-05-07T11:26:56,94
1405,2024-05-07T11:50:27,8
1406,2024-05-07T11:53:36,49
1407,2024-05-07T12:45:23,67
1408,2024-05-07T12:56:32,30
1409,2024-05-07T13:17:57,9
1410,2024-05-07T13:37:47,93
1411,2024-05-07T13:55:28,34
1412,2024-05-07T13:57:00,69
1413,2024-05-07T17:51:23,22
1414,2024-05-07T17:56:44,66
1415,2024-05-07T18:08:26,12
1416,2024-05-07T18:53:01,65
1417,2024-05-07T20:15:38,19
1418,2024-05-07T21:00:52,70
1419,2024-05-07T21:41:51,40
1420,2024-05-07T21:44:36,26
1421,2024-05-07T22:53:13,31
1422,2024-05-07T22:58:49,54
1423,2024-05-08T11:16:56,61
1424,2024-05-08T11:17:38,100
1425,2024-05-08T11:19:41,69
1426,2024-05-08T11:30:11,1
1427,2024-05-08T11:54:08,5
1428,2024-05-08T12:24:12,41
1429,2024-05-08T12:49:30,84
1430,2024-05-08T13:03:29,4
1431,2024-05-08T13:09:33,35
1432,2024-05-08T13:23:47,13
1433,2024-05-08T13:42:48,30
1434,2024-05-08T17:24:47,29
1435,2024-05-08T17:48:37,65
1436,2024-05-08T18:27:07,31
1437,2024-05-08T18:42:16,20
1438,2024-05-08T19:30:35,15
1439,2024-05-08T19:39:26,45
1440,2024-05-08T20:10:41,2
1441,2024-05-08T20:20:24,33
1442,2024-05-08T21:22:56,98
1443,2024-05-08T22:24:09,22
1444,2024-05-08T23:01:36,89
1445,2024-05-08T23:09:44,75
1446,2024-05-08T23:22:44,7
1447,2024-05-09T11:26:34,9
1448,2024-05-09T11:32:25,68
1449,2024-05-09T11:41:16,53
1450,2024-05-09T12:17:44,75
1451,2024-05-09T12:37:19,5
1452,2024-05-09T13:21:43,39
1453,2024-05-09T13:51:23,32
1454,2024-05-09T17:29:14,11
1455,2024-05-09T17:37:27,19
1456,2024-05-09T17:53:55,28
1457,2024-05-09T18:13:38,34
1458,2024-05-09T19:10:33,92
1459,2024-05-09T20:19:43,61
1460,2024-05-09T22:37:31,18
1461,2024-05-09T22:48:51,16
1462,2024-05-09T23:11:05,59
1463,2024-05-09T23:46:50,76
1464,2024-05-09T23:51:48,15
1465,2024-05-10T11:02:09,13
1466,2024-05-10T11:25:53,51
1467,2024-05-10T11:33:24,46
1468,2024-05-10T12:03:47,84
1469,2024-05-10T12:13:21,65
1470,2024-05-10T12:38:56,19
1471,2024-05-10T12:42:46,2
1472,2024-05-10T13:08:10,68
1473,2024-05-10T13:15:02,17
1474,2024-05-10T13:28:32,77
1475,2024-05-10T13:37:52,14
1476,2024-05-10T13:40:44,43
1477,2024-05-10T13:42:10,72
1478,2024-05-10T13:46:19,42
1479,2024-05-10T13:55:07,3
1480,2024-05-10T18:13:20,39
1481,2024-05-10T18:31:14,57
1482,2024-05-10T19:39:35,75
1483,2024-05-10T20:56:07,21
1484,2024-05-10T22:09:01,12
1485,2024-05-10T23:48:49,88
1486,2024-05-11T11:14:54,17
1487,2024-05-11T11:31:36,32
1488,2024-05-11T11:57:14,57
1489,2024-05-11T11:58:35,8
1490,2024-05-11T12:03:32,53
1491,2024-05-11T12:27:30,83
1492,2024-05-11T12:27:34,66
1493,2024-05-11T12:39:36,51
1494,2024-05-11T12:40:23,86
1495,2024-05-11T13:04:06,3
1496,2024-05-11T13:05:53,70
1497,2024-05-11T17:33:37,85
1498,2024-05-11T17:39:37,19
1499,2024-05-11T17:57:43,26
1500,2024-05-11T18:38:53,28
1501,2024-05-11T20:08:38,60
1502,2024-05-11T20:20:46,25
1503,2024-05-11T22:34:38,55
1504,2024-05-11T22:47:34,13
1505,2024-05-11T23:48:14,50
1506,2024-05-12T11:38:07,27
1507,2024-05-12T11:51:08,26
1508,2024-05-12T12:19:19,43
1509,2024-05-12T17:48:55,44
1510,2024-05-12T18:19:43,53
1511,2024-05-12T18:38:21,71
1512,2024-05-12T19:31:44,83
1513,2024-05-12T20:46:30,60
1514,2024-05-12T23:49:26,54
1515,2024-05-12T23:52:16,19
1516,2024-05-13T12:34:58,98
1517,2024-05-13T13:03:43,16
1518,2024-05-13T13:27:11,56
1519,2024-05-13T13:35:18,92
1520,2024-05-13T13:42:14,37
1521,2024-05-13T13:42:18,94
1522,2024-05-13T17:22:16,42
1523,2024-05-13T17:36:25,60
1524,2024-05-13T17:39:35,43
1525,2024-05-13T18:02:26,66
1526,2024-05-13T18:24:16,73
1527,2024-05-14T11:46:29,41
1528,2024-05-14T11:46:58,57
1529,2024-05-14T12:25:07,13
1530,2024-05-14T13:14:15,69
1531,2024-05-14T13:30:56,61
1532,2024-05-14T13:31:04,72
1533,2024-05-14T13:32:13,14
1534,2024-05-14T13:34:08,40
1535,2024-05-14T17:00:37,80
1536,2024-05-14T17:19:37,91
1537,2024-05-14T18:05:52,75
1538,2024-05-14T18:10:57,93
1539,2024-05-14T18:11:06,24
1540,2024-05-14T18:52:58,76
1541,2024-05-14T20:28:03,31
1542,2024-05-14T21:31:32,90
1543,2024-05-14T21:52:19,56
1544,2024-05-14T22:46:56,8
1545,2024-05-15T11:55:42,87
1546,2024-05-15T12:07:48,6
1547,2024-05-15T12:12:23,32
1548,2024-05-15T12:28:38,42
1549,2024-05-15T12:28:48,68
1550,2024-05-15T12:30:06,21
1551,2024-05-15T12:41:20,29
1552,2024-05-15T12:44:27,50
1553,2024-05-15T12:56:11,25
1554,2024-05-15T13:05:19,3
1555,2024-05-15T13:08:50,33
1556,2024-05-15T13:28:56,41
1557,2024-05-15T13:48:45,13
1558,2024-05-15T17:23:33,84
1559,2024-05-15T17:45:54,54
1560,2024-05-15T18:06:10,57
1561,2024-05-15T18:34:14,80
1562,2024-05-15T18:45:38,86
1563,2024-05-15T19:41:29,71
1564,2024-05-15T20:12:23,23
1565,2024-05-15T20:22:36,14
1566,2024-05-15T20:24:06,88
1567,2024-05-15T21:41:18,78
1568,2024-05-16T11:12:11,72
1569,2024-05-16T11:20:52,55
1570,2024-05-16T11:24:01,80
1571,2024-05-16T12:20:01,68
1572,2024-05-16T12:25:31,53
1573,2024-05-16T12:31:31,38
1574,2024-05-16T13:47:40,15
1575,2024-05-16T13:52:50,12
1576,2024-05-16T17:48:46,100
1577,2024-05-16T18:59:38,69
1578,2024-05-16T21:21:00,44
1579,2024-05-16T21:33:51,79
1580,2024-05-16T21:48:50,92
1581,2024-05-16T22:24:35,10
1582,2024-05-16T22:40:40,43
1583,2024-05-16T23:33:56,86
1584,2024-05-17T11:05:00,15
1585,2024-05-17T11:10:29,55
1586,2024-05-17T11:16:33,17
1587,2024-05-17T11:18:42,76
1588,2024-05-17T11:38:56,83
1589,2024-05-17T11:50:15,51
1590,2024-05-17T11:58:10,62
1591,2024-05-17T12:00:16,14
1592,2024-05-17T12:02:47,36
1593,2024-05-17T12:42:24,44
1594,2024-05-17T12:56:05,18
1595,2024-05-17T12:56:44,90
1596,2024-05-17T13:02:16,46
1597,2024-05-17T13:47:36,69
1598,2024-05-17T18:35:41,65
1599,2024-05-17T19:00:43,43
1600,2024-05-17T19:23:49,16
1601,2024-05-17T20:03:41,5
1602,2024-05-17T20:19:09,28
1603,2024-05-17T21:22:00,11
1604,2024-05-17T23:49:46,99
1605,2024-05-17T23:59:12,85
1606,2024-05-18T11:01:53,8
1607,2024-05-18T11:14:03,68
1608,2024-05-18T11:15:43,71
1609,2024-05-18T11:17:13,1
1610,2024-05-18T11:31:00,28
1611,2024-05-18T11:34:55,35
1612,2024-05-18T11:35:10,16
1613,2024-05-18T11:39:30,27
1614,2024-05-18T12:42:36,74
1615,2024-05-18T13:13:30,7
1616,2024-05-18T13:21:05,82
1617,2024-05-18T13:28:35,92
1618,2024-05-18T13:31:36,95
1619,2024-05-18T13:56:21,67
1620,2024-05-18T17:55:18,96
1621,2024-05-18T19:06:52,78
1622,2024-05-18T19:23:11,23
1623,2024-05-18T19:50:37,60
1624,2024-05-18T20:20:47,54
1625,2024-05-18T22:57:56,77
1626,2024-05-18T22:57:58,81
1627,2024-05-18T23:24:32,99
1628,2024-05-19T11:03:11,14
1629,2024-05-19T11:15:09,34
1630,2024-05-19T11:26:31,97
1631,2024-05-19T11:30:14,32
1632,2024-05-19T12:04:46,46
1633,2024-05-19T12:04:46,81
1634,2024-05-19T12:06:48,3
1635,2024-05-19T12:07:34,88
1636,2024-05-19T12:08:12,74
1637,2024-05-19T12:37:57,94
1638,2024-05-19T12:39:28,40
1639,2024-05-19T12:53:10,84
1640,2024-05-19T13:00:01,31
1641,2024-05-19T13:17:55,73
1642,2024-05-19T13:27:04,16
1643,2024-05-19T13:57:33,77
1644,2024-05-19T17:52:05,61
1645,2024-05-19T19:12:46,67
1646,2024-05-19T19:23:25,47
1647,2024-05-19T19:41:02,13
1648,2024-05-19T20:38:29,33
1649,2024-05-19T20:40:08,87
1650,2024-05-19T20:58:47,20
1651,2024-05-19T21:30:26,19
1652,2024-05-19T21:42:04,28
1653,2024-05-19T22:12:14,42
1654,2024-05-19T22:12:33,43
1655,2024-05-20T11:02:20,55
1656,2024-05-20T11:40:58,88
1657,2024-05-20T11:44:08,14
1658,2024-05-20T12:11:09,15
1659,2024-05-20T12:28:10,51
1660,2024-05-20T12:38:54,71
1661,2024-05-20T12:40:15,63
1662,2024-05-20T12:44:23,99
1663,2024-05-20T12:52:54,29
1664,2024-05-20T12:58:04,100
1665,2024-05-20T13:43:20,82
1666,2024-05-20T17:16:22,97
1667,2024-05-20T19:43:26,83
1668,2024-05-20T20:30:13,91
1669,2024-05-20T20:40:59,22
1670,2024-05-20T20:46:20,58
1671,2024-05-20T21:45:47,10
1672,2024-05-20T21:46:01,79
1673,2024-05-20T21:50:39,81
1674,2024-05-20T22:15:08,37
1675,2024-05-20T22:16:00,40
1676,2024-05-20T22:53:21,25
1677,2024-05-21T11:10:33,28
1678,2024-05-21T11:42:37,60
1679,2024-05-21T11:59:00,1
1680,2024-05-21T12:10:24,24
1681,2024-05-21T12:13:58,57
1682,2024-05-21T12:26:25,21
1683,2024-05-21T13:05:52,52
1684,2024-05-21T13:23:26,58
1685,2024-05-21T13:50:21,59
1686,2024-05-21T17:10:33,91
1687,2024-05-21T18:27:52,43
1688,2024-05-21T19:05:11,85
1689,2024-05-21T19:09:45,98
1690,2024-05-21T19:21:06,54
1691,2024-05-21T20:01:17,48
1692,2024-05-21T20:42:48,87
1693,2024-05-21T20:48:06,9
1694,2024-05-21T20:54:18,42
1695,2024-05-21T21:09:45,88
1696,2024-05-21T21:50:06,23
1697,2024-05-21T21:51:26,20
1698,2024-05-21T22:19:34,37
1699,2024-05-21T23:09:54,86
1700,2024-05-21T23:11:16,53
1701,2024-05-21T23:33:29,47
1702,2024-05-22T11:07:02,55
1703,2024-05-22T11:39:03,45
1704,2024-05-22T12:00:48,81
1705,2024-05-22T12:06:23,87
1706,2024-05-22T12:07:47,97
1707,2024-05-22T12:10:50,4
1708,2024-05-22T12:14:27,3
1709,2024-05-22T12:38:23,74
1710,2024-05-22T13:03:27,85
1711,2024-05-22T13:23:01,80
1712,2024-05-22T13:24:52,50
1713,2024-05-22T13:45:48,75
1714,2024-05-22T13:47:36,77
1715,2024-05-22T17:16:34,95
1716,2024-05-22T17:44:28,20
1717,2024-05-22T17:54:59,35
1718,2024-05-22T18:01:41,86
1719,2024-05-22T18:26:29,21
1720,2024-05-22T18:48:04,88
1721,2024-05-22T19:32:03,41
1722,2024-05-22T19:43:16,93
1723,2024-05-22T20:24:25,40
1724,2024-05-22T20:45:10,91
1725,2024-05-22T20:45:53,60
1726,2024-05-22T21:28:18,47
1727,2024-05-22T21:51:55,34
1728,2024-05-22T22:35:45,65
1729,2024-05-22T22:51:46,61
1730,2024-05-23T11:54:44,29
1731,2024-05-23T12:11:41,52
1732,2024-05-23T12:31:27,73
1733,2024-05-23T13:20:19,74
1734,2024-05-23T13:44:45,54
1735,2024-05-23T17:34:41,18
1736,2024-05-23T17:39:53,36
1737,2024-05-23T18:10:49,69
1738,2024-05-23T18:34:30,66
1739,2024-05-23T18:39:11,21
1740,2024-05-23T18:47:42,28
1741,2024-05-23T19:45:30,59
1742,2024-05-23T19:58:03,71
1743,2024-05-23T20:40:41,55
1744,2024-05-23T20:47:12,78
1745,2024-05-24T11:04:58,47
1746,2024-05-24T11:11:19,66
1747,2024-05-24T11:22:40,12
1748,2024-05-24T11:40:36,46
1749,2024-05-24T12:18:24,8
1750,2024-05-24T12:27:53,36
1751,2024-05-24T12:32:57,24
1752,2024-05-24T12:33:08,80
1753,2024-05-24T12:45:55,94
1754,2024-05-24T12:56:17,33
1755,2024-05-24T12:57:45,34
1756,2024-05-24T13:07:53,30
1757,2024-05-24T13:43:06,50
1758,2024-05-24T13:44:56,90
1759,2024-05-24T17:50:53,68
1760,2024-05-24T18:03:51,75
1761,2024-05-24T18:16:12,81
1762,2024-05-24T18:42:51,22
1763,2024-05-24T19:00:40,27
1764,2024-05-24T19:14:36,100
1765,2024-05-24T20:12:21,72
1766,2024-05-24T20:18:21,14
1767,2024-05-24T20:30:26,73
1768,2024-05-24T20:47:09,7
1769,2024-05-24T20:49:07,11
1770,2024-05-24T21:34:15,41
1771,2024-05-24T21:41:40,98
1772,2024-05-24T23:21:25,45
1773,2024-05-24T23:43:38,3
1774,2024-05-24T23:57:04,17
1775,2024-05-25T11:06:38,34
1776,2024-05-25T11:11:47,67
1777,2024-05-25T11:12:55,82
1778,2024-05-25T11:28:29,17
1779,2024-05-25T11:29:54,6
1780,2024-05-25T11:45:31,69
1781,2024-05-25T12:18:00,38
1782,2024-05-25T12:20:45,56
1783,2024-05-25T12:29:26,81
1784,2024-05-25T12:46:31,94
1785,2024-05-25T12:46:54,78
1786,2024-05-25T13:03:37,64
1787,2024-05-25T13:26:52,22
1788,2024-05-25T13:31:53,80
1789,2024-05-25T13:48:01,33
1790,2024-05-25T18:12:16,93
1791,2024-05-25T18:15:17,83
1792,2024-05-25T18:41:49,59
1793,2024-05-25T18:42:44,70
1794,2024-05-25T19:19:08,62
1795,2024-05-25T19:37:00,43
1796,2024-05-25T19:40:38,14
1797,2024-05-25T19:45:27,90
1798,2024-05-25T20:11:28,11
1799,2024-05-25T21:33:18,89
1800,2024-05-25T22:14:45,31
1801,2024-05-25T22:32:42,44
1802,2024-05-25T22:55:59,15
1803,2024-05-25T23:07:11,85
1804,2024-05-26T11:00:51,82
1805,2024-05-26T11:05:47,5
1806,2024-05-26T11:24:38,39
1807,2024-05-26T11:57:16,44
1808,2024-05-26T12:00:30,40
1809,2024-05-26T12:10:42,55
1810,2024-05-26T12:20:32,70
1811,2024-05-26T12:47:11,20
1812,2024-05-26T13:16:40,66
1813,2024-05-26T13:51:55,81
1814,2024-05-26T17:54:04,65
1815,2024-05-26T18:24:21,74
1816,2024-05-26T19:01:55,33
1817,2024-05-26T19:06:43,42
1818,2024-05-26T19:07:20,89
1819,2024-05-26T19:49:23,24
1820,2024-05-26T19:58:55,32
1821,2024-05-26T20:43:35,28
1822,2024-05-26T21:19:02,29
1823,2024-05-26T22:30:19,100
1824,2024-05-26T23:10:21,99
1825,2024-05-26T23:37:07,14
1826,2024-05-27T11:15:06,28
1827,2024-05-27T12:08:06,63
1828,2024-05-27T12:09:47,77
1829,2024-05-27T12:11:43,66
1830,2024-05-27T12:20:20,24
1831,2024-05-27T12:25:16,2
1832,2024-05-27T12:38:02,25
1833,2024-05-27T12:51:32,17
1834,2024-05-27T12:54:16,81
1835,2024-05-27T13:07:05,46
1836,2024-05-27T13:15:48,48
1837,2024-05-27T13:55:29,79
1838,2024-05-27T17:04:07,54
1839,2024-05-27T17:20:26,69
1840,2024-05-27T17:46:48,93
1841,2024-05-27T18:14:26,41
1842,2024-05-27T18:28:30,70
1843,2024-05-27T21:55:14,84
1844,2024-05-27T22:13:53,38
1845,2024-05-28T11:10:48,29
1846,2024-05-28T11:37:24,16
1847,2024-05-28T11:38:43,96
1848,2024-05-28T11:49:54,6
1849,2024-05-28T11:57:09,49
1850,2024-05-28T12:16:06,52
1851,2024-05-28T12:25:05,55
1852,2024-05-28T12:44:25,81
1853,2024-05-28T13:00:36,36
1854,2024-05-28T13:04:33,99
1855,2024-05-28T13:27:02,40
1856,2024-05-28T17:33:49,84
1857,2024-05-28T18:24:33,35
1858,2024-05-28T18:35:40,18
1859,2024-05-28T19:21:00,9
1860,2024-05-28T20:35:09,62
1861,2024-05-28T21:31:30,17
1862,2024-05-28T22:48:31,66
1863,2024-05-29T11:15:34,11
1864,2024-05-29T11:26:29,23
1865,2024-05-29T11:29:49,67
1866,2024-05-29T13:07:09,81
1867,2024-05-29T13:50:26,98
1868,2024-05-29T18:11:06,32
1869,2024-05-29T18:32:10,49
1870,2024-05-29T19:48:46,16
1871,2024-05-29T20:33:45,37
1872,2024-05-29T22:04:11,99
1873,2024-05-30T11:17:08,85
1874,2024-05-30T11:50:24,29
1875,2024-05-30T12:51:17,4
1876,2024-05-30T13:01:58,66
1877,2024-05-30T13:12:24,95
1878,2024-05-30T13:15:21,56
1879,2024-05-30T17:27:28,48
1880,2024-05-30T18:09:36,91
1881,2024-05-30T18:36:10,55
1882,2024-05-30T18:45:25,87
1883,2024-05-30T19:39:13,6
1884,2024-05-30T21:56:39,74
1885,2024-05-30T23:03:42,28
1886,2024-05-30T23:41:32,86
1887,2024-05-31T11:04:25,2
1888,2024-05-31T11:20:05,41
1889,2024-05-31T12:18:36,84
1890,2024-05-31T12:52:06,7
1891,2024-05-31T12:58:30,23
1892,2024-05-31T12:59:04,1
1893,2024-05-31T13:19:15,76
1894,2024-05-31T13:44:13,88
1895,2024-05-31T13:44:44,66
1896,2024-05-31T13:47:43,77
1897,2024-05-31T18:18:27,70
1898,2024-05-31T18:34:35,38
1899,2024-05-31T19:05:41,50
1900,2024-05-31T20:16:18,20
1901,2024-05-31T22:47:07,99
1902,2024-05-31T23:09:21,36
1903,2024-05-31T23:22:04,97
1904,2024-05-31T23:55:19,100